Pdiff-wave time shift, Sdiff-wave time shift, Source lattitude,            Source longitude, Receiver lattitude, Receiver longitude,            Midpoint lattitude, Midpoint longitude
-8.7,18.7,9.76,-85.43,49.6919,11.2217,39.9967282651,-50.1818614454
-2.7,14.1,23.8,-45.29,-27.1267,-109.334,-1.96736488089,-76.8186484674
-3.1,22.6,45.61,151.45,49.1448,12.8803,71.9350248418,87.2196620462
-5.5,17.7,44.69,149.68,49.3913,11.652,71.47734467,87.2059039414
0.0,22.9,-6.04,146.11,-89.9954,115.0,-48.1464416729,146.107604084
-7.0,23.5,40.62,143.94,51.3077,13.0026,67.7293289595,90.409585512
-4.4,18.2,40.62,143.94,48.1639,11.2768,67.5308895957,85.9634882198
-7.3,23.8,40.62,143.94,53.465,9.9247,69.3241682755,92.7982191904
-6.0,22.8,40.62,143.94,50.2236,8.4489,69.1748602037,87.9335320675
-4.9,21.5,-2.16,99.6,-9.4387,159.947,-6.70754317864,129.55957977
-4.4,23.0,44.62,149.39,49.1448,12.8803,70.8038660427,87.1586339667
-7.4,16.8,-17.7,167.65,-89.9954,115.0,-53.9443064838,167.646151923
-5.2,27.95,40.73,143.65,51.3077,13.0026,67.6694170349,90.0898996647
-4.1,14.2,51.31,179.16,50.6461,11.6161,84.9740009276,91.6486782382
-8.4,14.6,40.43,-125.74,-11.9875,-76.8422,15.5707313689,-98.0586431674
-1.3,24.9,-10.62,-78.47,-69.0067,39.585,-52.1163986993,-57.2052561359
-7.4,28.85,38.06,29.68,45.7032,-75.4776,55.8363276348,-18.4364772333
-1.4,15.5,-2.55,-77.53,48.3311,8.3303,29.6348610496,-45.1497055031
-6.5,17.5,28.06,130.18,48.9962,11.5213,56.6429345546,84.7431276142
-6.4,18.2,44.43,149.23,48.3311,8.3303,72.2641243154,84.5130735071
-7.0,28.45,44.43,149.23,54.0125,23.1808,68.3137913122,96.9894680825
-5.0,16.3,44.43,149.23,50.2236,8.4489,72.6500488535,87.5768447224
-6.0,12.5,44.48,149.26,37.9304,58.1189,51.356516932,100.773404418
-9.2,29.15,44.48,149.26,54.0125,23.1808,68.3437716427,96.9653154435
-4.7,13.2,44.49,149.94,37.9304,58.1189,51.5309914664,101.07358959
-4.4,17.9,44.49,149.94,52.4278,13.358,71.5624769694,92.7506794237
-4.6,23.3,44.49,149.94,48.1639,11.2768,71.3439888672,85.6845032449
-6.3,23.0,44.49,149.94,39.496,9.378,69.38947492,73.4254959302
-8.5,16.2,44.37,150.12,51.3077,13.0026,71.471871328,91.2117542377
-8.8,19.7,44.37,150.12,51.8429,10.3741,72.5628160766,91.4563926792
-8.5,12.1,44.37,150.12,53.465,9.9247,73.013799653,94.134234822
-9.1,19.1,44.37,150.12,50.6461,11.6161,71.8451057858,89.8239616069
-7.0,21.7,44.37,150.12,39.496,9.378,69.4375145568,73.6471003465
-6.0,26.55,52.16,-168.62,53.6762,70.6152,69.5308664792,132.75788597
-4.6,20.5,52.16,-168.62,43.9553,42.6863,75.8805286243,101.16910823
-2.2,20.8,-22.32,-113.28,40.8777,-124.077,9.34459590203,-118.136569048
-1.0,16.9,-22.32,-113.28,40.346,-121.607,9.060564628,-117.042427321
-2.3,21.6,18.34,-102.58,62.031,129.68,57.7453923593,-131.89147882
-3.5,11.4,-7.27,105.41,62.031,129.68,27.9223250848,113.155183161
-2.3,13.9,-30.22,-72.21,-23.0059,29.0743,-38.3609202213,-19.371123167
-5.2,24.2,15.86,-98.26,54.5477,13.3214,49.794683495,-62.4369541478
-7.2,23.6,53.68,161.96,40.3997,-7.5442,81.845257787,23.5762055024
-7.2,23.6,53.68,161.96,40.3997,-7.5442,81.845257787,23.5762055024
-4.1,25.6,53.68,161.96,33.6506,73.2686,52.8267632252,108.286167237
-7.0,18.0,53.68,161.96,36.637,-6.175,79.7809008953,22.548384919
-5.0,10.5,51.25,178.92,54.0125,23.1808,80.8013844948,109.390342741
-5.2,18.6,-50.06,162.89,-21.1712,55.7399,-49.5664394574,95.3175935374
-1.1,16.3,-5.27,152.24,-49.351,70.2107,-34.029047134,121.495802797
-6.0,14.6,-11.61,-13.89,60.8442,10.8865,25.1524188489,-5.70759603178
-5.5,15.2,-11.61,-13.89,61.2759,10.7629,25.3656772144,-5.82291992236
-4.4,12.0,-0.57,-80.48,6.67016,-4.85656,3.86527719907,-42.8173511108
-7.2,12.5,11.58,-88.55,61.2759,10.7629,46.7033736564,-60.7641855183
-7.8,13.3,11.58,-88.55,61.2251,11.369,46.8217463268,-60.6328311106
-1.3,26.35,-6.5,147.03,42.2275,74.5134,21.7329000473,116.858575593
-0.6,27.15,-16.08,168.19,59.5756,150.77,22.0315646438,162.189585
-1.7,19.4,40.93,31.25,36.5457,138.204,53.4570573734,87.0936135548
-5.0,10.3,43.08,146.81,41.6784,-73.2244,69.4748901506,-141.457242055
-6.3,15.8,14.84,-93.02,51.4455,7.2643,44.691415337,-57.3393973233
-3.8,11.8,14.84,-93.02,46.8468,9.00825,42.9642677716,-53.9156486632
-4.3,14.4,-4.31,123.56,15.3548,44.1999,7.17507438673,84.6723811693
-6.0,27.65,20.35,121.91,64.8736,-147.862,50.7175445388,146.356302732
-6.5,27.65,33.92,139.44,34.1082,-119.066,46.90110815,-169.890456227
-6.0,25.6,33.92,139.44,34.2236,-118.058,47.2745141253,-169.436484198
-5.9,25.6,33.92,139.44,33.7435,-118.404,46.9090779901,-169.409042644
-6.0,22.8,33.92,139.44,33.2479,-119.524,46.2972408608,-169.77215966
-6.4,26.55,33.92,139.44,34.1561,-118.82,47.0023484758,-169.787679979
-5.7,11.8,48.77,142.03,33.6384,-116.401,53.939834386,-159.099630136
-5.9,10.8,48.77,142.03,34.9459,-106.457,57.5926709012,-153.174513421
-4.6,14.6,48.77,142.03,34.2623,-116.921,54.1080226561,-159.679245974
-5.2,23.4,48.77,142.03,34.0695,-116.389,54.1606629424,-159.262815169
-5.8,14.9,48.77,142.03,33.3882,-117.195,53.5899185935,-159.512186198
-4.6,18.4,48.77,142.03,33.0859,-116.596,53.6049069497,-159.010943618
-6.2,12.1,48.77,142.03,33.9753,-118.149,53.6220408805,-160.347197466
-4.6,19.9,48.77,142.03,33.3516,-116.562,53.7492519838,-159.091300695
-4.8,19.0,48.77,142.03,32.8927,-116.423,53.5556626177,-158.825401427
-5.2,21.8,48.77,142.03,34.2236,-118.058,53.7724138017,-160.386017454
-5.3,23.2,48.77,142.03,34.5118,-89.4092,63.4499564572,-140.724597771
-6.1,28.85,48.77,142.03,32.9799,-118.547,53.0076516282,-160.225259565
-5.7,19.8,48.77,142.03,33.2479,-119.524,52.8776125026,-160.947252724
-5.6,20.7,48.77,142.03,32.841,-117.248,53.2971259165,-159.338851458
-5.6,16.4,48.77,142.03,32.9451,-115.8,53.7594230512,-158.441848212
-6.5,28.35,48.77,142.03,37.0542,-118.23,55.135384594,-161.664053479
-4.6,21.1,48.77,142.03,31.9671,-103.707,57.0204845702,-149.873936562
-8.1,15.9,-16.88,174.54,47.8651,107.053,18.3857830353,147.470598129
-6.3,22.5,39.98,143.17,51.4455,7.2643,69.3463981273,89.4416536872
-2.4,26.55,39.98,143.17,29.6699,34.9512,49.8372724929,84.1206587263
-2.4,26.55,39.98,143.17,29.6699,34.9512,49.8372724929,84.1206587263
-4.7,25.9,39.98,143.17,49.3913,11.652,67.1722180595,87.6337502154
-6.3,20.0,39.98,143.17,47.2955,3.0736,70.1006229425,82.6294162796
-5.3,19.4,39.98,143.17,50.6461,11.6161,67.5209973331,89.2103880846
-7.3,20.1,39.98,143.17,54.0125,23.1808,64.4725966242,96.0159346781
-1.1,17.0,-15.51,166.77,64.7714,-146.887,26.3019776643,-179.436201555
-1.8,22.8,-4.37,152.87,64.8736,-147.862,33.2880848285,169.629937801
-6.2,24.2,13.98,-88.97,42.354,13.405,40.1971005448,-47.3023275531
-5.3,20.0,13.98,-88.97,39.5446,-4.3499,34.2045553398,-52.5815508778
-3.3,12.3,-22.11,169.87,37.4037,-122.239,9.21435798619,-159.131444439
-7.7,18.3,18.62,-104.57,52.3063,7.7592,50.6988338847,-66.1909863351
-3.9,22.9,44.18,148.61,50.8748,13.9469,70.3917202606,89.9548314892
-2.5,24.8,44.18,148.61,29.6699,34.9512,53.7197667543,83.4798181188
-2.5,24.8,44.18,148.61,29.6699,34.9512,53.7197667543,83.4798181188
-5.4,26.95,-6.94,146.34,43.8138,87.7049,20.8995377426,122.07697184
-10.0,19.1,56.26,163.93,49.6992,13.996,78.5280851054,73.1922258348
-0.8,16.6,-54.31,-136.75,33.2479,-119.524,-10.695454199,-126.595063584
-5.4,11.3,52.59,160.56,17.417,78.553,42.3991277433,108.669023339
-4.4,11.2,-17.84,167.82,7.2728,80.7022,-7.29157589572,123.144110984
-3.6,11.9,22.94,124.02,51.8429,10.3741,53.2915231832,83.9178099221
-6.1,15.9,22.94,124.02,64.8736,-147.862,51.6614992923,148.476991207
-7.9,16.5,22.94,124.02,76.7713,-18.655,61.2146814147,113.357275205
-7.9,16.5,22.94,124.02,76.7713,-18.655,61.2146814147,113.357275205
-6.5,11.4,22.94,124.02,57.0773,-4.96421,59.8416493698,87.8443337745
-4.4,11.7,22.94,124.02,54.1847,7.8839,54.9116077692,85.5843026885
-4.7,11.8,22.94,124.02,52.3063,7.7592,54.3169303398,83.8384547536
-4.0,12.2,8.7,-84.14,70.3522,-28.164,42.1999686405,-70.7890141212
-4.9,12.1,8.7,-84.14,61.3145,10.3263,44.1111777443,-57.3856561691
-5.7,11.8,8.7,-84.14,61.808,9.5719,44.1466465471,-57.8905664812
-6.6,14.2,8.7,-84.14,60.8442,10.8865,44.0452906225,-56.9310136926
-6.3,13.5,8.7,-84.14,61.0495,11.2939,44.2125196414,-57.018294305
-5.7,13.2,8.7,-84.14,61.2759,10.7629,44.1879262313,-57.2818451831
-6.4,13.0,8.7,-84.14,61.2251,11.369,44.2966537146,-57.1408940177
-4.7,15.4,8.7,-84.14,72.5763,-38.4539,42.3438138342,-73.9767443661
-4.7,15.4,8.7,-84.14,72.5763,-38.4539,42.3438138342,-73.9767443661
-3.8,11.5,29.35,139.25,63.2485,-42.0349,73.1186630819,140.625257539
-3.4,24.8,-20.86,-178.74,38.5,116.375,10.438018126,152.02299479
-3.8,11.2,-8.3,-71.66,39.5446,-4.3499,18.5581051235,-42.7067595176
-3.2,20.5,43.95,150.16,47.2505,15.5232,69.3041062566,86.8580123854
-4.9,22.1,43.95,150.16,46.5092,14.5489,69.4675099995,85.5053455179
-2.9,16.5,38.84,142.14,47.2505,15.5232,64.1564794477,86.5884616378
-3.3,21.6,51.2,179.29,37.8433,30.5093,73.5585317143,82.5502794749
-5.6,17.6,51.33,177.58,61.2759,10.7629,83.4289484256,142.595024508
-3.9,28.75,36.93,3.58,50.609,-121.882,63.9436083951,-46.6175568818
-2.0,23.4,-5.33,152.64,64.8736,-147.862,32.8095434701,169.474974203
-2.5,13.9,51.57,176.72,46.8719,8.4261,84.4750797051,67.7342131778
-8.0,10.6,51.57,176.72,56.9412,-4.51661,87.2872010682,-174.478273749
-2.5,19.6,51.57,176.72,33.192,35.659,68.4647721575,83.5779097804
-2.5,19.6,51.57,176.72,33.192,35.659,68.4647721575,83.5779097804
-3.9,17.4,51.57,176.72,61.2759,10.7629,83.3422744779,139.772476895
-3.4,16.6,51.57,176.72,47.4146,8.90753,84.4383048961,71.1671523903
-2.9,13.9,51.57,176.72,47.3692,8.58088,84.5532221839,70.2582632768
-5.4,16.9,51.55,176.6,61.2759,10.7629,83.3073578486,139.514724352
-1.4,17.8,-1.4,149.78,-89.9289,144.438,-45.805186058,149.773370591
-1.7,14.7,-15.14,-172.92,-89.9289,144.438,-52.6466741495,-172.969977582
-2.6,13.9,19.9,-70.61,64.8736,-147.862,48.2660705263,-92.4748119031
-3.2,13.7,19.9,-70.61,62.083,7.0228,47.1831502273,-46.8476099435
-4.1,10.7,19.9,-70.61,71.6341,128.867,63.2938541294,-79.912004854
-8.6,16.7,42.29,144.62,54.0125,23.1808,65.9462184253,95.4255787296
-1.8,23.7,-30.43,-176.88,21.9409,120.812,-4.9700516615,150.707486385
-4.5,20.1,42.48,144.82,34.9611,33.331,54.9027822377,84.6661975913
-6.2,21.5,42.48,144.82,43.9553,42.6863,56.260272211,94.6085511463
-4.9,22.2,42.48,144.82,49.7766,17.5428,66.7378509424,88.7847054633
-4.9,22.2,42.48,144.82,49.7766,17.5428,66.7378509424,88.7847054633
-6.6,15.4,42.48,144.82,52.4759,13.78,68.8181293185,91.1014098353
-4.0,15.1,37.89,142.68,60.8442,10.8865,68.4208007365,104.60552567
-7.7,24.9,55.68,165.53,49.3913,11.652,79.7437279407,71.4536384758
0.0,28.75,55.68,165.53,33.0399,-86.9978,58.0017498212,-125.830917716
-6.8,28.75,55.68,165.53,48.7719,9.195,80.3959523828,67.0083784149
-3.2,27.25,22.94,121.43,60.9368,-123.095,56.5911916046,153.114384672
-3.7,26.45,22.94,121.43,61.4451,-121.237,57.1959676797,152.673811768
-4.5,12.1,22.94,121.43,64.8736,-147.862,52.1377853794,146.348668072
-6.5,18.9,35.75,-121.15,78.9154,11.9385,66.1291929606,-109.462401178
-9.9,14.4,35.75,-121.15,47.9184,19.8944,68.9575640547,-65.6878858286
-9.9,14.3,35.75,-121.15,47.9182,19.8934,68.9570846192,-65.6876979875
-2.1,19.7,8.38,-82.81,46.3416,6.95336,35.798071895,-47.9454434107
-1.1,22.0,8.38,-82.81,46.5092,14.5489,37.7090092617,-45.6316702594
-4.7,29.05,-22.41,169.72,16.4108,120.58,-3.30323318504,144.668886159
-2.7,12.7,-17.22,66.06,47.2867,9.8803,16.9241844412,43.1213403215
-1.3,16.0,-17.22,66.06,46.3633,7.2993,16.6031081842,41.8454990976
-1.8,15.7,-17.22,66.06,46.4832,9.44956,16.5123069337,42.7299112133
-3.7,12.5,-17.22,66.06,47.4146,8.90753,17.0656542942,42.7765489169
-4.5,20.6,34.2,141.87,51.8429,10.3741,65.2439079285,93.8996024879
-1.6,20.8,34.2,141.87,46.4548,8.6629,64.5112236075,87.1285879299
-4.4,17.5,34.2,141.87,49.0619,16.3952,62.2117523757,91.7766155116
-5.5,25.7,34.2,141.87,51.1942,11.7719,64.5631442257,93.2828822112
-4.4,24.4,34.2,141.87,49.1448,12.8803,63.5833107709,91.0895978232
-1.7,21.2,55.79,160.32,39.8959,4.2665,76.963953829,46.3352494091
-1.7,21.2,55.79,160.32,39.8959,4.2665,76.963953829,46.3352494091
-1.6,23.3,55.79,160.32,47.9184,19.8944,74.7198721018,76.4508554337
-1.6,23.3,55.79,160.32,47.9182,19.8934,74.7201333894,76.4497075215
-1.7,25.7,55.79,160.32,51.9663,6.7989,80.3514370356,72.5794635411
-4.7,24.9,55.02,-134.46,40.3024,16.1365,75.3116620021,-30.8390333087
-6.2,10.7,55.02,-134.46,49.3913,11.652,77.0211092352,-49.6749625878
-4.7,10.4,55.02,-134.46,45.6236,12.1729,75.945503954,-42.8900913231
-6.0,12.0,55.02,-134.46,48.8591,17.6707,78.9488179024,-42.94259467
-5.4,27.35,55.02,-134.46,49.0619,16.3952,78.5638582823,-44.6700190238
-6.3,12.2,55.02,-134.46,50.6461,11.6161,77.3835744279,-52.0635787243
-4.6,25.8,55.02,-134.46,40.3334,15.6722,75.1593058351,-31.4992543989
-5.8,18.0,55.02,-134.46,8.5019,-63.625,36.807531669,-88.3607726555
-6.5,27.15,55.02,-134.46,36.4656,-6.2055,65.8264563413,-51.3087598916
-5.2,19.6,55.02,-134.46,40.9644,15.8235,75.4681786606,-32.0813890695
-7.2,10.1,10.57,-87.47,59.6491,9.5982,45.0391283069,-58.8527217185
-8.0,10.1,49.6,-127.19,35.35,137.029,53.6025382924,177.725514701
-3.5,24.6,49.6,-127.19,21.9409,120.812,51.3304072708,162.12231546
-7.3,17.2,49.6,-127.19,51.9663,6.7989,72.3061900162,-63.5990644134
-5.7,23.5,32.94,137.0,82.5033,-62.35,65.0142583309,140.462630082
-5.7,23.7,32.94,137.0,82.5033,-62.35,65.0142583309,140.462630082
-5.6,12.6,32.94,137.0,45.9219,9.04167,61.5533395315,83.8396286635
-8.4,19.1,32.94,137.0,52.8135,6.6695,64.4429148751,91.1534729494
-2.0,24.1,-55.43,-28.79,-41.3087,174.704,-77.7449861302,-140.811469127
-2.9,14.7,33.14,137.28,46.7568,8.15117,62.408353166,84.5570428592
-3.0,15.5,33.14,137.28,44.4581,28.4128,54.003000206,89.1838310402
-4.3,17.3,33.14,137.28,47.2638,11.6363,61.1810463091,85.9510907721
-1.0,27.05,52.3,174.12,50.9943,-4.48483,89.1477836556,35.0931717375
-0.5,26.25,-10.87,162.27,60.1043,-149.453,26.5062161432,178.101264809
-1.2,16.5,13.91,120.5,64.8736,-147.862,47.6339064447,144.428107587
-5.1,11.4,11.25,-87.02,55.3167,-3.205,40.7078640713,-58.4843271292
-3.8,18.2,11.25,-87.02,39.8959,4.2665,34.2532047353,-48.472146378
-3.8,18.2,11.25,-87.02,39.8959,4.2665,34.2532047353,-48.472146378
-7.3,16.0,11.25,-87.02,54.5477,13.3214,44.0831931716,-53.9150176329
-4.4,23.9,37.31,138.83,50.8748,13.9469,63.9873906773,88.8066870886
-2.3,25.6,37.31,138.83,48.9962,11.5213,64.3085943655,86.1109650609
-2.7,28.35,37.31,138.83,50.764,5.9317,66.9199838586,87.0077524581
-2.8,26.45,37.31,138.83,49.7766,17.5428,62.3696503048,88.6147065409
-2.8,26.45,37.31,138.83,49.7766,17.5428,62.3696503048,88.6147065409
-0.9,19.0,37.31,138.83,-32.9277,117.239,2.23821384562,127.741611855
-2.7,25.4,37.31,138.83,49.1448,12.8803,63.8460610058,86.6394749928
-4.3,21.2,23.86,122.43,64.7474,-21.3268,64.612386477,98.5233722675
-4.2,26.05,23.86,122.43,60.136,-1.17783,59.1625336543,89.386998935
-5.4,10.5,13.13,-90.61,76.7713,-18.655,48.4636081732,-78.8187247312
-5.4,10.5,13.13,-90.61,76.7713,-18.655,48.4636081732,-78.8187247312
-6.9,11.9,13.13,-90.61,52.8135,6.6695,43.5793902097,-56.8169778332
-8.1,20.9,42.88,145.36,38.2603,15.8939,63.4972637303,76.4540665807
-6.1,12.3,42.88,145.36,47.8495,14.2659,67.7161147783,85.3191585189
-5.6,15.0,42.88,145.36,46.5092,14.5489,67.1792864486,83.8617197512
-6.9,19.3,42.82,145.41,38.2603,15.8939,63.4958394245,76.5328455564
-4.5,22.9,42.82,145.41,37.8433,30.5093,57.6454640843,84.6616162875
-4.9,17.1,42.82,145.41,50.2331,12.4479,69.0820503515,87.829688561
-3.3,13.4,19.05,-81.52,43.668,11.03,41.193143811,-43.131409779
-8.9,19.1,6.26,92.57,-41.3087,174.704,-22.6446535698,126.747992347
-1.8,17.0,10.88,140.86,-66.2792,110.535,-28.487485894,132.158878528
-0.2,21.3,26.21,144.2,61.4451,-121.237,53.4007950637,173.254654327
-0.8,21.4,26.21,144.2,62.0765,-116.318,54.680785492,173.635349107
-0.1,21.0,26.21,144.2,61.3736,-121.062,53.4129809805,173.348173232
-3.8,11.7,-35.39,-16.0,49.6909,11.2203,7.3866200116,-3.98223276415
-2.2,14.7,-35.39,-16.0,47.0784,13.3447,6.06546674881,-2.66952910785
-3.2,13.5,-35.39,-16.0,47.8495,14.2659,6.47917090926,-2.36540664789
-3.0,21.3,33.72,130.15,50.8748,13.9469,59.3127726258,84.4486301036
-3.5,20.5,33.72,130.15,43.7528,6.9218,59.1987132767,75.9380994606
-3.5,17.4,33.72,130.15,51.8429,10.3741,60.8316691524,84.5020662315
-8.4,22.2,-6.47,103.04,32.438,35.422,15.5215872721,72.3383818111
-2.6,15.9,-6.47,103.04,-41.3087,174.704,-28.5778606316,133.165841869
-2.9,20.7,-32.78,-178.78,5.2902,100.649,-17.783508826,136.860237923
-3.0,14.1,51.15,179.52,47.9643,13.5665,83.8596086917,81.7430198905
-0.6,18.0,51.15,179.52,44.294,11.003,83.8117045538,62.087828604
-3.8,25.4,51.15,179.52,34.9611,33.331,71.2916993101,82.862544907
0.0,22.3,51.15,179.52,45.0233,5.62611,85.9128232387,44.455947382
-4.4,13.8,51.15,179.52,44.4581,28.4128,76.9034796151,89.9451773029
-1.6,18.8,51.15,179.52,37.441,38.8213,70.1083326292,91.0304087515
-6.0,16.9,11.06,-86.7,51.8429,10.3741,41.9046025181,-52.5510108022
-4.8,11.4,11.06,-86.7,55.34,-3.18,40.5574931513,-58.2730577932
-4.7,10.7,11.06,-86.7,55.3167,-3.205,40.541584737,-58.2667005556
-3.9,23.0,11.06,-86.7,39.8959,4.2665,34.0649840549,-48.2913824048
-3.9,23.0,11.06,-86.7,39.8959,4.2665,34.0649840549,-48.2913824048
-2.7,14.6,11.06,-86.7,36.4656,-6.2055,29.9410699051,-51.2340810981
-3.1,21.3,38.24,142.05,47.5852,13.5354,64.7375050299,86.7238197117
-5.6,23.2,38.24,142.05,37.0689,25.5306,55.7730583339,83.0622762066
-2.7,27.75,38.22,144.97,45.3233,7.02139,67.9625006845,84.1811196828
-5.6,21.8,38.22,144.97,51.1942,11.7719,67.5280647163,92.9133953091
-6.0,16.9,38.22,144.97,54.8324,-66.8332,73.592434844,-169.26759469
-5.2,24.6,38.22,144.97,45.279,4.542,69.0597888375,83.4333031884
-3.3,25.8,6.32,123.98,-41.3087,174.704,-19.2305006196,145.58565458
-2.7,13.2,38.11,142.38,64.7474,-21.3268,75.4660636027,124.740987531
-4.3,15.2,38.11,142.38,49.6909,11.2203,66.3265292765,88.8991134468
-3.4,19.5,38.11,142.38,46.5092,14.5489,64.0599571608,86.2173301206
-5.0,17.6,38.11,142.38,49.3084,16.5933,64.1940235591,89.8341896044
-0.4,23.6,-6.23,29.6,51.8429,10.3741,23.1318138781,22.2428116479
-2.4,13.8,-29.99,-177.12,6.0443,116.215,-14.2570006029,146.962642763
-1.3,19.5,-6.73,152.36,-77.5172,161.853,-42.2776644833,154.056429284
-1.7,20.4,52.21,-169.19,18.8141,98.9443,45.1200872799,132.445133986
-4.3,26.25,33.15,131.34,48.3319,8.3311,60.5447490321,81.7425608321
-4.2,25.2,33.15,131.34,51.4455,7.2643,61.9285085655,84.6912636338
-4.2,24.5,33.15,131.34,51.9663,6.7989,62.2439960439,85.1700212749
-1.6,25.3,51.96,177.07,44.7953,6.92361,84.3883943527,52.799364973
-0.7,26.85,51.96,177.07,48.1639,11.2768,83.8132082254,76.5894371876
-4.0,10.7,-24.44,-67.18,-66.2792,110.535,-69.1538365752,-65.3679186347
-1.0,19.1,-7.01,155.42,18.8141,98.9443,6.70105881873,127.907262679
-7.9,15.7,46.29,153.45,48.3319,8.3311,74.5477210678,84.4012423408
-6.2,18.8,46.29,153.45,47.2867,9.8803,73.6602123062,83.2729506847
-8.8,11.9,46.29,153.45,46.7917,22.7111,68.4840210822,88.6565427122
-7.7,25.4,46.29,153.45,40.148,44.741,58.171845256,95.0861425305
-9.6,14.8,46.29,153.45,50.764,5.9317,75.988688422,88.2979222028
-6.9,17.2,46.29,153.45,45.4909,25.945,66.8299895031,88.8639646333
-8.9,17.2,46.29,153.45,50.6461,11.6161,73.7617565387,89.5919770371
-6.7,22.1,46.29,153.45,46.5092,14.5489,71.5507821537,84.3058229923
-7.3,18.2,46.29,153.45,49.8346,18.14,71.1113438985,90.5729130721
-7.8,13.7,46.29,153.45,38.075,24.366,64.4681708945,81.1458972754
-7.3,21.3,46.29,153.45,37.441,38.8213,58.8280320584,89.9858690145
-6.4,17.2,46.29,153.45,45.4371,25.0495,67.1406864058,88.3431358926
-7.3,20.9,46.29,153.45,49.1448,12.8803,72.9292258403,87.5273103019
-3.7,13.8,46.38,153.64,37.9304,58.1189,53.3676411681,101.68039191
-5.7,19.7,46.38,153.64,40.278,36.41,61.0597925904,90.3269599733
-6.5,16.7,46.38,153.64,47.3358,7.69498,74.6782657499,82.3282440454
-8.1,15.5,46.38,153.64,53.9353,10.3169,74.9215552661,95.3764797263
-5.7,21.5,46.38,153.64,45.7381,14.4221,71.4722619387,83.1375760364
-6.8,22.3,46.38,153.64,50.3502,16.3222,72.0206277368,90.6665866395
-9.0,14.9,46.38,153.64,46.7917,22.7111,68.5857420051,88.6510652107
-7.3,16.3,46.38,153.64,48.2163,7.15896,75.1041291276,83.6920908817
-7.5,11.1,46.38,153.64,55.9233,-3.1875,79.7485150953,101.994860417
-7.6,15.6,46.38,153.64,49.5654,11.4359,73.6943001032,87.6753009718
-7.0,17.0,46.38,153.64,49.6909,11.2203,73.8069297384,87.813431841
-6.5,23.0,46.38,153.64,48.8591,17.6707,71.1184606187,89.0034942835
-6.2,19.1,46.38,153.64,40.291,33.552,62.0667556954,88.6337407636
-6.7,26.75,46.38,153.64,46.0438,14.5278,71.5228011601,83.6147937111
-5.3,19.6,46.38,153.64,46.8468,9.00825,74.0100422656,82.0968026254
-7.3,19.2,46.38,153.64,45.4909,25.945,66.9316738242,88.8597295846
-8.3,25.9,46.38,153.64,55.1146,36.5674,66.6900618827,103.768172514
-7.2,14.7,46.38,153.64,51.098,18.064,71.5688657455,92.396453901
-8.1,21.2,46.38,153.64,43.9872,7.5545,73.8374024643,76.6640635347
-7.9,15.1,46.38,153.64,45.279,4.542,75.5120339887,77.0469041589
-7.4,18.5,46.38,153.64,49.3084,16.5933,71.6488483053,89.2112908772
-6.0,20.7,20.69,119.98,64.0997,-150.987,50.3991102106,144.875858032
-4.7,21.3,20.69,119.98,63.6482,-144.07,51.5973630089,146.422277419
-3.4,21.8,20.69,119.98,57.0569,-135.324,51.377975722,153.433931209
-8.7,17.9,20.69,119.98,60.1043,-149.453,49.2055572029,148.194948132
-0.4,26.75,19.83,-155.94,-31.8769,141.595,-7.0519878844,174.595841549
-5.2,18.0,29.34,140.38,48.4702,-104.196,55.9651168011,-174.018988406
-4.0,16.8,29.34,140.38,35.8996,-116.275,45.9342638883,-170.59414493
-1.7,16.1,29.34,140.38,37.7227,-119.807,45.8263178551,-173.002785973
-4.3,26.65,-6.61,151.45,43.8138,87.7049,21.5798311148,125.182761977
-8.0,22.1,46.24,154.44,50.764,5.9317,76.3646024199,89.1639139622
-1.6,23.8,4.69,-78.53,60.4399,-141.144,36.2914740275,-98.2587931139
-2.2,19.4,37.28,136.61,40.373,34.269,52.1145716504,86.9806843834
-6.1,29.15,37.28,136.61,46.7917,22.7111,58.7087746794,86.2170062796
-6.1,26.35,37.28,136.61,49.8375,18.1472,61.4030902136,87.3182065723
-3.1,22.1,37.28,136.61,49.67,12.678,63.2607921657,85.5541417791
-6.4,22.2,37.28,136.61,51.888,20.595,61.3032594503,90.0046434975
-5.0,27.05,37.28,136.61,45.8657,26.7277,57.0024774649,87.0725750238
-2.1,26.85,37.28,136.61,47.2638,11.6363,62.8460237251,82.7667214334
-2.0,26.95,37.28,136.61,49.4392,14.1928,62.6424883452,85.7447185868
-4.2,19.3,13.43,-91.22,78.9154,11.9385,52.1262968407,-79.7968290758
-7.4,24.0,13.43,-91.22,60.136,-1.17783,45.2703135229,-64.0576943573
-8.9,10.6,0.81,-30.04,34.9611,33.331,20.7685916213,-1.83947068049
-8.1,19.3,0.81,-30.04,42.636,-114.903,28.2033461297,-64.5774680091
-8.5,29.95,0.81,-30.04,45.4909,25.945,25.7881915877,-7.36177210339
-9.3,22.6,0.81,-30.04,55.1146,36.5674,32.0929307044,-6.8466069561
-7.4,10.7,0.81,-30.04,44.4657,-119.413,30.1420169133,-65.3767909771
-7.0,10.1,0.81,-30.04,43.7174,-120.285,29.8859061949,-66.0159141213
-7.3,10.9,0.81,-30.04,43.6793,-120.193,29.8445698158,-66.0016596086
-8.7,10.7,0.81,-30.04,43.5943,-118.602,29.4714366718,-65.4897000563
-7.5,10.3,0.81,-30.04,43.6405,-120.012,29.7845165542,-65.9570147296
-7.6,13.1,0.81,-30.04,43.2469,-118.896,29.3271512855,-65.7449409524
-7.3,13.1,0.81,-30.04,43.1607,-118.972,29.2918578368,-65.8092932567
-7.6,15.7,0.81,-30.04,42.7373,-118.689,28.9864231914,-65.8933237032
-7.7,14.0,0.81,-30.04,42.8278,-118.106,28.9243168588,-65.6479446225
-2.6,20.4,37.5,138.47,64.7474,-21.3268,74.5488744613,117.872745548
-5.9,19.9,8.19,-39.17,40.688,35.245,29.6351204458,-7.6809839672
-5.0,13.4,8.19,-39.17,39.1108,-110.524,28.2852462807,-69.8984656564
-2.6,19.7,3.08,-78.12,63.7318,-148.937,38.063065681,-98.226498685
-3.7,15.0,3.08,-78.12,36.4656,-6.2055,23.9264042985,-46.614262305
-0.6,25.7,3.08,-78.12,53.8452,-166.505,36.355003511,-108.312582735
-2.1,25.0,10.51,145.68,53.0249,70.3885,37.6237864852,118.527105072
0.0,19.0,-5.96,147.05,53.0581,70.2828,28.7102723849,119.690352785
-0.2,18.8,-5.96,147.05,53.0581,70.2828,28.7102723849,119.690352785
-1.7,18.4,-5.96,147.05,52.951,69.0043,28.849243998,119.247884209
-5.3,16.0,51.02,-179.27,40.4332,29.7383,75.4553601039,85.1086716037
-5.5,17.5,51.02,-179.27,41.253,29.042,76.0401102028,85.5139622838
-5.6,21.8,51.02,-179.27,38.5145,28.6607,75.1707759342,81.1408044207
-7.1,18.2,51.02,-179.27,39.4883,22.9574,77.8896761729,74.4890198411
-7.0,18.1,51.02,-179.27,40.8654,22.3515,78.6454131882,75.9137177032
-6.1,19.2,51.02,-179.27,41.153,29.643,75.7577480449,86.0538020365
-6.2,13.8,51.02,-179.27,63.0422,22.6715,80.8708905077,141.598133533
-3.5,16.0,51.07,-178.88,46.3416,6.95336,86.5312435293,51.4079861941
-9.4,14.0,51.07,-178.88,60.136,-1.17783,85.4151764675,-170.186237069
-7.2,16.7,51.07,-178.88,44.4581,28.4128,77.5414528653,90.1148413921
-2.8,23.5,-2.21,139.18,-49.351,70.2107,-30.1759389807,112.901991019
-5.1,12.4,52.21,-168.1,64.7474,-21.3268,78.4581907753,-125.649646933
-5.9,11.1,52.21,-168.1,46.7917,22.7111,84.6872365125,77.0118912375
-7.8,13.1,52.21,-168.1,54.9595,37.7664,80.5470427176,122.880879235
-6.6,15.5,52.21,-168.1,40.8206,23.3557,82.2197083103,61.3465256942
-8.9,18.4,51.11,-131.24,39.5405,20.3584,75.3741648894,-33.445977403
-9.5,16.5,51.11,-131.24,39.8647,20.9678,75.7470016208,-33.1484509155
-3.0,28.35,32.3,85.32,22.791,5.527,34.231313332,43.3556653276
-2.2,18.5,43.51,-128.27,43.3275,79.4849,75.8125458394,155.259015504
-2.3,18.7,-20.27,-70.76,-83.9858,104.729,-58.2283559668,-70.1921058089
-7.9,19.0,10.85,-41.71,49.0983,-121.48,36.6166084941,-72.1399836242
-8.2,22.3,10.85,-41.71,48.9813,-117.559,35.8461856427,-70.8582119736
-4.8,27.45,10.85,-41.71,40.4332,29.7383,30.5357139911,-11.1723097498
-5.9,27.75,10.85,-41.71,41.301,32.87,31.514565,-10.1875871241
-7.8,21.9,10.85,-41.71,48.4226,-118.149,35.6587990672,-71.2957392227
-7.7,28.35,10.85,-41.71,48.3129,-112.562,34.6678959357,-69.3681089477
-7.4,28.55,10.85,-41.71,48.4128,-111.707,34.5859515339,-69.0241875208
-7.0,29.95,10.85,-41.71,48.2921,-110.799,34.3831619129,-68.7417742698
-7.1,12.8,10.85,-41.71,47.923,-120.894,35.8944460469,-72.4576434638
-7.5,22.8,10.85,-41.71,47.7092,-115.475,34.8258859509,-70.6413126033
-6.7,23.0,10.85,-41.71,47.6795,-114.574,34.6608578343,-70.3301564509
-7.1,28.75,10.85,-41.71,47.775,-112.607,34.3937765908,-69.5854122031
-6.7,27.25,10.85,-41.71,47.8012,-111.746,34.2725214204,-69.2638687126
-4.7,26.75,10.85,-41.71,40.2018,29.8377,30.4237679188,-11.0632259458
-7.6,15.0,10.85,-41.71,47.1935,-120.844,35.5012176748,-72.7506840225
-7.5,20.2,10.85,-41.71,47.0477,-116.335,34.6227518907,-71.2068519077
-7.4,19.9,10.85,-41.71,45.3997,-116.268,33.735636797,-71.8053798649
-5.9,27.65,10.85,-41.71,40.435,29.189,30.4523640614,-11.3954495859
-6.1,10.5,10.85,-41.71,40.148,44.741,33.0908192075,-5.14164449196
-6.2,20.7,10.85,-41.71,44.6216,-123.923,34.7130404704,-74.9177394414
-7.5,18.7,10.85,-41.71,46.269,-117.499,34.4102541705,-71.9293802654
-3.1,12.9,36.24,21.79,36.0181,112.573,46.1506923296,67.2632796625
-4.4,16.3,36.24,21.79,64.8736,-147.862,75.2251919326,10.6636165884
-1.2,28.85,36.24,21.79,41.028,123.071,51.5928919843,70.1054541761
-1.2,29.15,36.24,21.79,41.101,122.981,51.601807382,70.0256967157
-2.8,26.45,36.24,21.79,44.02,119.168,51.9175440225,66.759652537
-1.3,18.5,36.24,21.79,24.9735,121.497,42.5315417617,75.5858471129
-1.4,18.4,36.24,21.79,24.9735,121.497,42.5315417617,75.5858471129
-5.5,18.2,36.24,21.79,71.6341,128.867,63.3373681943,44.6995857179
-5.3,20.0,46.26,153.38,46.7474,12.5123,72.4038256134,83.6670922594
-7.3,15.6,46.26,153.38,40.4332,29.7383,63.3750261506,86.4497145665
-5.7,19.7,46.26,153.38,47.2505,15.5232,71.3456304661,85.8147197394
-6.5,19.0,46.26,153.38,38.8522,35.8472,60.4735487022,89.0321178931
-6.0,20.7,46.26,153.38,45.5043,15.2518,70.9228186853,83.3001983982
-9.1,17.2,46.26,153.38,51.4455,7.2643,75.5443075412,89.9548590472
-5.8,25.2,46.26,153.38,39.144,43.9172,57.9247965568,94.0238466255
-7.9,13.8,46.26,153.38,51.3077,13.0026,73.3424539604,91.1248853886
-6.8,27.15,46.26,153.38,47.9282,15.8618,71.4089993008,86.9229886133
-6.9,22.7,46.26,153.38,47.9282,15.8588,71.4101642139,86.9216669573
-7.4,15.5,46.26,153.38,49.6552,11.3594,73.6062442509,87.8124243974
-7.0,19.6,46.26,153.38,49.7622,11.3187,73.6463585325,87.979582439
-7.8,16.0,46.26,153.38,49.5654,11.4359,73.5558587839,87.6877672067
-7.2,18.5,46.26,153.38,49.6909,11.2203,73.6685639866,87.8248751564
-7.1,15.6,46.26,153.38,41.0657,29.0592,63.8955259799,86.5465677088
-7.1,17.8,46.26,153.38,37.8433,30.5093,61.9484865575,85.0134205307
-7.7,15.6,46.26,153.38,41.253,29.042,63.9805532333,86.6896237274
-7.3,26.15,46.26,153.38,37.5053,36.9,59.483375002,88.8314872537
-9.6,14.1,46.26,153.38,59.6491,9.5982,75.4635072891,106.87682047
-7.5,21.0,46.26,153.38,49.6305,22.7078,69.3555648673,92.0965581089
-7.5,21.1,46.26,153.38,49.6314,22.7075,69.3559431723,92.0975790769
-5.2,26.05,46.26,153.38,38.3134,38.4273,59.3352439348,90.2623650111
-6.9,17.9,46.26,153.38,49.7766,17.5428,71.2810908303,90.2567758174
-6.0,22.8,46.26,153.38,46.6299,13.6416,71.913673696,84.0402650302
-6.7,22.9,46.26,153.38,46.5092,14.5489,71.5136655107,84.3119051834
-8.9,24.7,46.26,153.38,55.1146,36.5674,66.5652508667,103.693519379
-7.1,22.3,46.26,153.38,49.9883,14.5417,72.4620702364,89.4702726444
-6.0,20.7,46.26,153.38,47.9184,19.8944,69.8653158816,88.7067817903
-6.0,20.7,46.26,153.38,47.9182,19.8934,69.8656300138,88.7060748998
-8.1,13.4,46.26,153.38,45.279,4.542,75.3709227053,77.1593021101
-9.1,11.0,46.26,153.38,39.9175,36.9925,60.5609059258,90.4230717334
-8.8,14.7,46.26,153.38,50.2236,8.4489,74.8653836327,87.8915428505
-6.1,19.8,46.26,153.38,37.6873,28.0269,62.8221151874,83.2893187275
-9.2,16.5,46.26,153.38,49.6646,6.1526,75.671188385,86.1474268545
-6.6,21.7,46.26,153.38,49.4392,14.1928,72.458849346,88.4861992619
-0.6,23.1,13.52,125.59,61.5919,-149.817,44.8608469469,150.601011084
-3.5,29.75,51.98,-178.5,40.6062,33.6197,74.3307926929,87.7092285219
-3.1,29.95,51.98,-178.5,40.2018,29.8377,75.6787111758,82.7206130956
-5.0,28.15,51.98,-178.5,49.3435,11.806,85.600368921,79.3954188208
-4.2,12.4,51.98,-178.5,49.0867,11.5263,85.6505740241,77.2799558768
-5.4,13.6,51.98,-178.5,44.4581,28.4128,77.7543150561,87.9028017917
-3.0,28.75,2.66,95.17,54.0125,23.1808,33.3022736121,69.807314658
-4.1,15.1,-20.33,168.62,60.4754,-149.374,21.3271572289,-177.170858853
-8.4,14.2,51.78,-179.29,62.0685,-6.9658,84.3133809532,-157.201760866
-1.7,19.0,-19.95,168.78,37.954,-121.866,10.9225678228,-160.000043156
-1.8,17.9,-19.95,168.78,37.8762,-122.236,10.8524078628,-160.140733624
-0.8,16.6,-19.95,168.78,60.4427,-143.251,21.8871392369,-175.112197472
-1.9,20.3,-19.95,168.78,39.0049,-122.142,11.5334056447,-160.403488092
-3.6,18.8,51.96,-177.54,39.8893,32.764,74.7752287237,85.6986350406
-4.5,14.1,51.96,-177.54,38.8672,-7.5902,81.880551152,-39.6919335865
-4.8,12.4,51.96,-177.54,39.447,31.523,75.0985342884,83.6066600299
-5.7,16.8,51.11,178.53,37.0727,25.523,74.9876218486,75.6582899214
-3.9,10.5,51.11,178.53,40.148,44.741,68.5418829732,98.7204437697
-5.1,11.0,51.11,178.53,49.6909,11.2203,84.7394106839,87.2246791634
-6.0,10.9,51.11,178.53,48.9333,22.2731,80.1761204704,94.2636519029
-5.7,16.5,51.11,178.53,40.2315,22.4631,77.4667807791,75.8511734067
-4.3,16.3,51.11,178.53,51.5132,-1.80033,89.7596352598,-148.318015195
-2.6,23.9,7.51,-35.01,47.0615,-118.309,34.3306230167,-67.3260704704
-2.5,25.2,7.51,-35.01,46.5585,-119.855,34.3662505287,-68.0764918274
-2.2,23.0,7.51,-35.01,46.4911,-119.06,34.1707586144,-67.8365520403
-1.7,24.2,7.51,-35.01,45.9734,-117.228,33.5328379798,-67.4301456992
-1.2,26.75,7.51,-35.01,42.0041,-112.386,30.4675135041,-67.1838953639
-3.7,23.4,7.51,-35.01,46.4617,-119.418,34.2261240051,-67.9717323882
-1.5,21.3,7.51,-35.01,39.2229,-123.593,31.0019503319,-72.5011879984
-1.7,17.1,7.51,-35.01,43.4335,-119.023,32.4812757174,-69.1282397489
-0.9,18.5,7.51,-35.01,43.3063,-119.779,32.5597636463,-69.4545333755
-1.2,16.9,7.51,-35.01,43.3887,-119.347,32.5200975009,-69.264116175
-1.5,18.4,7.51,-35.01,43.1607,-118.972,32.318722485,-69.220259002
-0.9,17.6,7.51,-35.01,42.9194,-119.18,32.2242810672,-69.3935070208
-1.0,16.9,7.51,-35.01,42.6329,-118.977,32.023476342,-69.4333607082
-6.5,23.4,39.03,140.85,49.0619,16.3952,64.0351199645,87.7555666263
-8.8,18.6,39.03,140.85,61.1128,11.7153,68.2253322324,102.351636514
-0.5,25.2,37.47,142.42,37.9304,58.1189,46.2257565163,100.429926697
-3.2,25.5,37.47,142.42,46.7474,12.5123,64.6857884565,86.361117507
-3.6,26.0,37.47,142.42,39.0211,22.336,57.7001698906,83.4352909256
-5.8,26.35,37.47,142.42,45.6188,21.6401,60.7579529841,88.3493076123
-4.7,22.5,37.47,142.42,51.3077,13.0026,65.8198847409,91.7871318574
-3.3,20.4,37.47,142.42,51.8429,10.3741,66.9204632679,92.0077434839
-1.2,25.1,37.47,142.42,40.148,44.741,50.7419310716,94.8082300271
-4.6,22.2,37.47,142.42,48.8591,17.6707,63.3826402307,90.1500484067
-4.7,17.6,37.47,142.42,59.6491,9.5982,68.4258151509,102.907354891
-6.2,16.9,37.47,142.42,49.6305,22.7078,61.8463361424,92.4286635681
-6.3,16.9,37.47,142.42,49.6314,22.7075,61.8467506063,92.4294455293
-1.9,28.75,37.47,142.42,30.906,34.398,49.1615350307,85.3494777632
-3.5,25.5,37.47,142.42,61.2251,11.369,68.0486718824,105.127996757
-4.3,17.0,37.47,142.42,61.1128,11.7153,67.9429721924,104.94773959
-6.0,13.4,37.47,142.42,57.6287,22.2905,64.3209628083,100.961034837
-7.4,22.0,37.47,142.42,44.6777,26.2526,58.7116281258,89.3578660997
-5.0,21.9,37.47,142.42,51.5132,-1.80033,71.5806771199,90.8116313082
-5.1,25.2,37.47,142.42,45.8657,26.7277,59.0343628822,90.488923567
-5.4,12.5,37.47,142.42,58.462,26.7347,63.2586401672,102.639375981
-5.4,12.5,37.47,142.42,58.462,26.7347,63.2586401672,102.639375981
-5.2,20.2,37.47,142.42,48.494,18.8361,62.833668022,90.1200554688
-3.7,18.0,37.47,142.42,49.1448,12.8803,65.2730464081,89.1780990171
-8.9,15.6,50.71,158.15,46.7917,22.7111,71.5608519435,85.0054563987
-7.2,26.35,51.76,104.02,38.2603,15.8939,54.1631235387,53.4391310682
-5.6,23.8,51.76,104.02,46.6885,-106.223,77.1256197902,-170.366337141
-6.8,24.0,8.18,-38.54,34.9611,33.331,26.0123979586,-6.48897369426
-6.0,28.25,8.18,-38.54,40.435,29.189,28.4957693787,-9.66270723703
-6.5,22.8,8.18,-38.54,42.7677,-117.408,31.537635111,-71.0463266709
-7.8,18.7,8.18,-38.54,38.9995,-112.379,28.5930605836,-70.3143092108
-8.4,11.9,8.18,-38.54,38.3281,-114.608,28.5667535747,-71.4230086276
-8.5,10.9,8.18,-38.54,38.1802,-113.969,28.3802288065,-71.2062001265
-9.5,28.15,29.66,90.5,49.1878,-2.1717,49.7154272703,52.568431294
-5.3,29.55,14.28,-92.9,49.6909,11.2203,44.6300371819,-55.142849592
-5.4,26.95,14.28,-92.9,60.136,-1.17783,46.0712950711,-65.3071720635
-4.5,29.15,14.28,-92.9,60.8442,10.8865,49.0415518496,-63.8337555891
-4.5,11.5,-14.92,168.15,18.8141,98.9443,2.37020806573,133.952551011
-2.3,15.7,-14.92,168.15,-89.9289,144.438,-52.5308862441,168.120368759
-7.3,13.6,37.51,95.75,60.4399,-141.144,65.7606229501,134.067920795
-3.1,25.2,36.56,142.54,33.192,35.659,49.5317457484,87.5222401744
-3.9,19.2,36.56,142.54,37.7461,-106.829,53.1498022856,-162.791744197
-1.8,18.3,3.92,126.81,-79.4251,97.5815,-38.3513666116,122.374956606
-3.4,25.5,-27.27,-175.9,24.4638,118.388,-1.67522754353,150.806406574
-3.4,15.3,80.33,-2.32,31.161,96.4715,60.6750374787,85.1381134702
-1.2,17.7,80.33,-2.32,21.42,-158.011,60.0677932728,-152.917188353
-5.6,21.0,42.29,13.35,35.2251,111.628,50.8211541771,65.7567401607
-5.3,21.0,42.29,13.35,35.0428,111.549,50.7054724692,65.7860461807
-5.4,20.5,42.29,13.35,34.9002,111.401,50.5905934855,65.7602334758
-6.7,25.2,42.29,13.35,48.3008,-105.996,63.3917584598,-41.1555493112
-6.7,24.5,42.29,13.35,47.7456,-105.884,63.1489968353,-41.6308666526
-5.2,19.6,42.29,13.35,48.4702,-104.196,62.8504753939,-40.2808720135
-5.2,19.6,42.29,13.35,48.4702,-104.196,62.8504753939,-40.2808720135
-6.6,25.3,42.29,13.35,43.7945,-115.133,65.084835927,-49.4397671713
-7.8,20.2,42.29,13.35,42.7677,-117.408,65.6199941718,-51.5521878681
-1.6,16.2,42.29,13.35,-5.8274,-35.9014,19.9170443812,-15.1155362814
-6.7,26.25,42.29,13.35,44.7694,-79.1417,53.9702866367,-31.6696205767
-2.0,18.6,42.29,13.35,-15.9588,-5.7457,13.3725939029,2.55171599139
-9.1,21.2,42.29,13.35,32.3098,-110.785,58.281362707,-55.8467039541
-8.8,21.5,42.29,13.35,33.9383,-113.005,60.0011494731,-56.2713030739
-9.5,20.8,42.29,13.35,33.3627,-112.946,59.700710446,-56.6045917101
-4.9,23.9,46.0,151.99,37.9304,58.1189,52.7641319359,101.18405691
-7.4,14.5,46.0,151.99,39.2739,30.4528,61.9969661328,85.7145825332
-6.2,13.5,46.0,151.99,49.1309,13.5782,71.9983015966,87.2741715095
-8.3,14.4,46.0,151.99,43.9553,42.6863,59.9579737862,95.9022417901
-6.5,14.0,46.0,151.99,49.1448,12.8803,72.2709320901,87.029971957
-0.2,26.55,-3.4,100.16,49.2948,15.4871,29.4509927147,68.6060465213
-3.8,21.8,-60.71,-26.55,12.7,-87.05,-26.9448341934,-67.7326508722
-6.9,16.7,-60.71,-26.55,0.2376,-78.4508,-32.6739302638,-61.9507868346
-6.9,16.7,-60.71,-26.55,0.2376,-78.4508,-32.6739302638,-61.9507868346
-6.9,16.9,45.96,151.74,45.8033,14.8393,70.4317539831,83.0856998669
-5.6,19.1,41.7,143.72,34.9611,33.331,54.166573649,84.7070841908
-3.1,16.1,41.7,143.72,35.6628,-118.474,50.6240827247,-164.615415877
-5.3,20.7,41.7,143.72,49.0619,16.3952,66.215574319,87.5403844764
-4.5,24.5,41.7,143.72,46.5092,14.5489,66.0827150772,84.017281039
-5.7,26.55,41.7,143.72,41.1086,23.5846,60.5440749177,83.2008698173
-4.9,24.4,41.7,143.72,40.6319,22.9628,60.5701613888,82.5226379423
-0.9,17.4,23.95,122.03,47.9182,19.8934,48.6346291157,81.7103292614
-6.6,13.8,23.95,122.03,66.9961,-50.6208,68.365268912,116.588800847
-1.1,17.4,-11.6,165.93,34.0006,-115.998,14.3137452649,-158.879555653
-1.5,16.6,-11.6,165.93,33.0515,-114.827,13.8302966554,-158.118310471
-0.6,19.4,-11.6,165.93,35.3018,-116.806,15.0439228192,-159.58235093
-0.4,19.2,-11.6,165.93,35.4795,-117.682,15.0671139149,-160.004724753
0.0,18.7,-11.6,165.93,37.6302,-118.836,16.2664574297,-161.100130343
-1.0,17.3,-11.6,165.93,34.7803,-116.558,14.744988484,-159.332315886
-1.2,16.6,-11.6,165.93,34.3034,-114.142,14.6884991781,-158.165213263
-0.9,17.3,-11.6,165.93,33.3536,-116.863,13.8282595982,-159.083438478
-3.2,12.0,-11.6,165.93,-2.9024,104.699,-8.41905191547,134.988346059
-0.9,17.0,-11.6,165.93,34.8753,-116.997,14.7609478097,-159.546329541
-1.2,15.9,-11.6,165.93,35.8996,-116.275,15.4679888549,-159.526016809
-4.9,18.6,10.76,-67.97,55.3493,-160.477,42.2823718439,-98.6898782312
-5.4,29.35,10.76,-67.97,65.5598,-167.927,47.8171799053,-92.1197283189
-6.3,19.7,-29.24,-112.44,-89.9289,144.438,-59.6925107151,-112.519561927
-3.7,23.5,52.54,-166.99,18.8141,98.9443,45.798640984,132.865797788
-3.0,22.9,52.54,-166.99,39.144,43.9172,74.2700549075,94.8863224882
-4.8,18.3,52.54,-166.99,43.9553,42.6863,76.542615918,100.27746611
-4.4,25.5,52.54,-166.99,39.1603,41.4558,75.2389475994,91.7991864641
-6.2,10.2,52.44,-167.2,64.7474,-21.3268,78.3387663112,-124.137407479
-4.8,23.4,52.44,-167.2,18.8141,98.9443,45.7020866255,132.87016548
-5.1,17.8,52.44,-167.2,39.5867,39.722,76.0031005239,90.3242832365
-4.9,20.9,52.44,-167.2,40.148,44.741,74.2564985238,97.3305253002
-4.9,20.0,52.44,-167.2,4.4795,101.025,37.1736382452,132.986758579
-6.4,16.2,52.44,-167.2,43.9553,42.6863,76.4544623632,100.514172633
-5.5,16.5,52.44,-167.2,38.3134,38.4273,76.0036958083,86.7737939045
-9.4,25.3,52.44,-167.2,51.9973,-2.99833,83.925443546,-83.0467279894
-7.3,29.25,52.44,-167.2,52.3082,6.11351,87.4296627795,-79.0843077628
-3.6,26.95,28.97,130.22,36.6353,29.0835,45.4392751154,82.6463329642
-3.1,20.0,-8.23,118.72,-66.6649,140.002,-37.9071903274,124.770645155
-0.8,18.5,-19.6,-71.01,-83.9858,104.729,-57.896599509,-70.4760436073
-8.2,19.7,51.93,-131.67,48.2163,7.15896,73.546160471,-56.3806707129
-6.0,16.6,51.93,-131.67,36.08,-5.6236,64.141512299,-53.8879425615
-9.8,22.5,51.93,-131.67,43.9357,5.4831,71.4603903095,-51.9574813891
-8.5,21.7,51.93,-131.67,46.7737,6.95862,73.003963533,-54.466433
-3.8,15.6,-20.85,-173.55,44.0928,117.917,13.9756531478,157.262512831
-7.6,12.8,-0.62,-20.8,37.9304,58.1189,23.5761727589,13.1313188266
-1.9,26.15,23.7,121.66,40.4712,31.1977,41.6064502329,81.7312831766
-2.9,17.4,-9.12,157.45,60.1205,-143.284,28.4352455351,176.499757114
-0.8,18.2,-9.12,157.45,44.0035,-123.83,22.0210905315,-170.505973954
-0.3,21.8,-8.88,157.21,43.2405,-122.109,21.9872941822,-169.741542068
-5.0,14.8,18.61,-72.62,53.9353,10.3169,43.8651884735,-42.7834813677
-5.8,28.45,25.86,128.61,57.6287,22.2905,54.7121568012,94.1279638195
-0.9,26.65,-4.04,100.52,71.6341,128.867,34.4963220496,107.225873025
-6.7,20.4,-16.34,-115.45,44.7094,-107.956,14.2487842452,-112.259920923
-1.3,28.85,-16.34,-115.45,64.1888,-83.3478,24.7491795956,-105.556223129
-3.5,12.9,-36.49,-73.63,-49.351,70.2107,-70.7347380962,-19.4661634006
-6.7,12.5,33.05,96.79,64.7474,-21.3268,63.0161489096,66.177366686
-3.5,17.1,-4.28,100.77,-18.602,-173.961,-15.4109657725,142.069954289
-0.2,17.8,25.8,130.01,30.906,34.398,38.8287498783,83.7182187661
-0.2,21.9,-13.81,166.65,37.6302,-118.836,14.8473195186,-160.494998943
-2.9,24.3,-1.87,136.36,-89.9289,144.438,-46.0391701273,136.370008619
-4.6,23.4,16.47,-97.77,49.1121,11.6767,47.236967737,-57.9347194204
-4.0,16.6,16.47,-97.77,68.3916,23.6572,55.7667105339,-75.440067245
-3.5,12.6,16.47,-97.77,68.0493,21.988,55.3983568774,-74.958045522
-3.9,21.5,16.47,-97.77,61.0227,21.7679,54.3357537712,-67.3737391099
0.0,20.5,-13.71,166.44,23.6858,-109.944,6.69667101881,-153.258783116
0.0,20.2,-13.71,166.44,23.6858,-109.944,6.69667101881,-153.258783116
-4.3,16.1,39.68,142.77,45.5043,15.2518,64.2625837228,84.4151934348
-3.5,20.6,39.68,142.77,46.3174,13.9999,65.0356321503,84.8020374961
-5.1,22.7,39.68,142.77,51.8665,5.12481,69.9673690348,89.7157017548
-0.7,27.25,11.09,146.09,40.3014,-115.535,36.1566525827,-172.954528816
-0.8,26.2,11.09,146.09,40.6323,-115.368,36.3919685972,-173.052487505
-0.9,27.65,11.09,146.09,40.3007,-115.396,36.1934611731,-172.904670175
-3.3,13.4,52.66,-169.64,35.658,-83.774,52.7690801414,-119.039311243
-2.1,26.65,52.27,160.37,-19.9428,134.351,16.6046145368,144.573041518
-5.4,13.4,51.12,-178.48,44.0981,19.9917,81.0142888694,78.3456293555
-2.9,14.1,51.12,-178.48,47.0784,13.3447,84.5358206525,76.0057450183
-6.1,24.1,51.12,-178.48,40.3703,26.7593,76.9829084624,80.8590158756
-3.0,12.5,12.46,141.52,45.9734,-117.228,40.9012677849,-179.41238489
-7.7,23.3,12.24,141.37,42.6955,-123.665,37.3185668474,-179.889827794
-9.9,22.1,12.24,141.37,42.218,-122.305,37.4018693803,-179.184853737
-7.4,18.0,12.24,141.37,47.4543,-123.154,39.9955815799,177.813666159
-9.1,18.1,12.24,141.37,47.1881,-121.989,40.156167214,178.31904008
-6.6,12.4,-17.7,65.42,45.5043,15.2518,15.2968643906,44.3986063953
-4.3,13.3,-17.7,65.42,40.3997,-7.5442,14.0217879121,33.6345409314
-8.7,13.3,-17.7,65.42,46.6299,13.6416,16.0055139082,44.0171176738
-7.6,10.6,-17.7,65.42,60.7352,11.5414,23.6757448512,47.746635115
-8.2,10.3,-17.7,65.42,46.6365,15.1139,15.9186062119,44.6094858968
-2.7,14.7,-17.7,65.42,33.2947,-5.1071,9.54038002593,32.7896451738
-2.9,14.9,-17.7,65.42,33.128,-5.03,9.43479808872,32.7862793688
-3.1,14.8,-17.7,65.42,32.9953,-4.8979,9.34680067596,32.8158593644
-2.6,13.9,-17.7,65.42,32.5245,-4.5659,9.04305071544,32.8610989247
-2.8,13.8,-17.7,65.42,32.3499,-4.6537,8.94200377307,32.7826149369
-4.0,15.6,-17.7,65.42,36.6457,-5.0938,11.5662889812,33.6147607967
-8.4,10.9,-17.7,65.42,46.678,15.0327,15.9459815142,44.5868529871
-0.7,26.25,-43.56,172.12,24.1738,121.595,-10.7192191635,143.771681983
-3.2,12.6,51.26,-175.4,45.8651,23.7226,81.2751244478,86.6188717782
-5.3,11.4,51.26,-175.4,46.1497,24.3765,81.0904666686,88.274971505
-4.8,13.0,-56.64,-142.63,-9.7553,124.267,-42.4400531446,154.188301582
-3.9,13.8,-56.49,-25.48,10.0021,-84.1114,-26.0293151187,-63.7549015599
-5.6,11.5,52.92,171.37,48.3319,8.3311,82.7574928453,71.759890689
-7.7,17.7,52.92,171.37,46.7917,22.7111,76.8776976791,84.3201015618
-0.4,22.0,52.92,171.37,-21.159,119.731,17.5197829069,139.636804341
-0.2,20.3,-38.71,-73.84,-13.4568,25.8337,-37.0469048673,-16.6267096976
-1.9,29.85,-38.71,-73.84,28.4948,-9.8487,-6.03669578646,-39.7263672324
-2.1,20.7,-20.68,168.34,46.1855,126.915,13.6263997964,150.849800265
-0.9,20.8,-20.68,168.34,46.9462,129.795,13.909514368,152.184126817
-3.2,12.3,-17.32,167.64,7.2728,80.7022,-6.92424205704,123.135321193
-3.4,27.75,37.11,144.0,43.8652,19.4061,61.3747013931,87.1682632167
-1.5,29.75,37.11,144.0,46.4136,10.0231,66.1045330003,86.6929375854
-2.1,28.75,37.11,144.0,51.4455,7.2643,68.4593006165,92.773097171
-3.2,13.7,37.11,144.0,45.8398,-96.2929,60.2835025931,-162.753985113
-0.9,29.15,37.11,144.0,54.725,-101.978,61.5378523444,-172.799692329
-0.9,29.15,37.11,144.0,54.725,-101.978,61.5378523444,-172.799692329
-2.2,29.55,37.11,144.0,45.9348,14.4434,64.120386094,87.4521118913
-1.6,28.15,37.11,144.0,49.5654,11.4359,66.4052612567,90.8745043206
-2.0,28.15,37.11,144.0,49.2709,11.67,66.2359433529,90.5563225009
-2.5,25.2,37.11,144.0,52.3063,7.7592,68.4300965636,94.0378768554
-2.5,21.2,37.11,144.0,40.1003,22.489,58.5814850232,85.3696565909
-2.6,26.55,37.11,144.0,50.9427,12.4684,66.3561632517,92.7972984217
-2.8,29.85,37.11,144.0,52.3082,6.11351,69.0556957058,93.9457720648
-2.6,28.15,37.11,144.0,52.1003,5.81448,69.1360019165,93.6255788598
-2.5,26.95,37.11,144.0,52.4943,10.1073,67.5870199551,94.5059953365
-3.1,16.4,37.11,144.0,39.5299,-92.0483,59.3184998244,-155.815042061
-2.2,16.1,37.11,144.0,38.9946,-92.0748,59.0709443226,-155.418118553
-0.5,17.2,37.11,144.0,23.5225,45.5032,41.82297945,90.1473389038
-3.7,23.0,37.11,144.0,54.5477,13.3214,66.8460265183,97.5918189158
-2.3,28.45,37.11,144.0,51.9663,6.7989,68.7348698037,93.4835471143
-1.2,29.35,37.11,144.0,47.2638,11.6363,65.6857199857,88.1279688455
-2.9,22.1,20.62,100.02,64.6453,-147.805,55.3756194522,127.189948615
-3.0,22.3,20.62,100.02,64.8736,-147.862,55.4082937805,126.95093536
-1.0,23.3,20.62,100.02,62.938,-143.719,56.0213035577,129.120386899
-4.1,11.4,38.78,142.17,51.5132,-1.80033,72.0149430166,89.168351411
-2.7,14.6,38.4,142.09,51.4455,7.2643,68.277532254,89.9688613612
-2.2,13.7,38.4,142.09,51.3077,13.0026,66.1081457178,90.8144026564
-3.2,12.0,38.4,142.09,48.8443,13.7006,65.1507997296,88.0800422528
-1.9,15.4,38.4,142.09,45.3933,22.7767,60.5586577477,87.7679231494
-2.1,14.4,38.4,142.09,52.4943,10.1073,67.4490502048,91.8043387219
-1.8,16.2,38.4,142.09,46.6365,15.1139,63.8954586607,86.1201610967
-2.3,14.1,38.4,142.09,50.2236,8.4489,67.5441839316,88.5200524971
-2.8,15.0,38.4,142.09,51.9663,6.7989,68.5611853197,90.6352544051
-2.0,27.45,37.47,142.37,51.8429,10.3741,66.9019309799,91.9653026921
-1.4,21.9,37.47,142.37,47.2867,9.8803,65.8988129498,86.193219801
-2.1,23.2,37.47,142.37,49.6552,11.3594,65.9820011948,89.3929265502
-2.4,24.6,37.47,142.37,49.0867,11.5263,65.7605527372,88.7456830119
-3.8,24.8,37.47,142.37,47.2683,3.8589,68.4224650251,84.7477284952
-3.8,23.1,37.47,142.37,52.1136,-4.06806,72.5214011323,92.0291221515
-4.1,22.9,37.47,142.37,46.6022,-0.1458,70.0321540698,83.0620023678
-3.0,26.0,37.47,142.37,52.9223,4.74754,69.2099341192,92.9258533972
-2.5,23.8,37.47,142.37,52.1003,5.81448,68.6674753132,91.7851561177
-2.3,20.6,37.47,142.37,45.5464,14.0143,63.6594701304,85.52853366
-2.5,18.5,37.47,142.37,41.1086,23.5846,58.1379458702,85.4850509326
-3.3,22.8,37.47,142.37,45.279,4.542,67.594404866,82.2942373438
-1.1,26.85,-10.1,107.72,47.0196,133.287,18.9240168786,118.152218084
-1.0,23.2,38.32,141.85,49.7766,17.5428,63.8974600825,90.0769407052
-1.0,23.2,38.32,141.85,49.7766,17.5428,63.8974600825,90.0769407052
-4.6,11.6,37.0,140.54,47.395,7.2313,66.0647251843,84.6747249562
-4.5,10.2,37.0,140.54,46.0811,7.40839,65.6007040934,83.1694311512
-5.7,14.2,37.0,140.54,45.8598,-98.2525,60.7927086108,-165.755842512
-6.4,13.9,37.0,140.54,45.1946,-96.4383,61.2232329887,-164.497982251
-6.8,15.0,37.0,140.54,44.6812,-96.7434,60.9087655889,-164.14902365
-4.8,17.0,37.0,140.54,42.141,-92.9597,61.4193908425,-160.407315619
-4.6,16.4,37.0,140.54,-21.159,119.731,8.07006775937,129.325193281
-5.8,21.4,37.0,140.54,47.3917,-123.869,53.3873658651,-176.842590657
-5.1,16.1,37.0,140.54,40.1664,-94.1461,60.1094677024,-159.237619187
-5.9,19.5,37.0,140.54,40.1212,-91.874,61.0534726081,-158.186039608
-7.2,24.2,37.0,140.54,48.3584,-119.333,55.0353385769,-175.628333321
-6.3,19.1,37.0,140.54,39.5299,-92.0483,60.7294109035,-157.766991524
-4.3,23.7,37.0,140.54,38.9982,-97.8327,58.0828868961,-160.039376577
-6.1,18.6,37.0,140.54,39.0455,-92.9759,60.1221800146,-157.799069686
-5.2,15.0,39.99,142.51,50.764,5.9317,69.4637435901,87.6819782528
-6.9,12.7,37.98,143.33,52.7385,-1.30767,72.0757320385,93.3239456504
-7.9,13.4,37.98,143.33,53.2452,-6.3762,74.0503464946,95.2494468146
-7.9,13.4,37.98,143.33,53.2452,-6.3762,74.0503464946,95.2494468146
-8.9,10.6,37.98,143.33,53.4195,-9.375,75.1857529381,96.6930206588
-3.7,10.9,38.96,142.1,51.5132,-1.80033,72.0593260917,88.9004328411
-3.0,29.55,37.0,141.16,51.5888,5.8121,67.9051010413,90.3606218428
-0.7,24.9,37.69,141.71,47.2484,6.6517,67.0426039904,84.6357725794
-1.4,28.65,37.69,141.71,44.9183,5.88,66.6947171771,81.5623870063
-2.4,28.35,37.69,141.71,47.561,-2.907,71.2557804644,83.3579303263
-2.9,12.8,-18.52,167.94,7.2728,80.7022,-7.76569998796,123.095909583
-3.3,25.5,-18.52,167.94,-89.9289,144.438,-54.3206808786,167.910057922
-0.6,26.35,51.91,-171.56,2.4529,112.214,32.7670783015,139.850239972
-6.7,24.2,49.27,-127.17,46.6202,10.2635,71.8628811772,-54.6972397591
-7.1,21.4,49.27,-127.17,48.1639,11.2768,72.7226420419,-56.290863696
-9.8,12.8,49.27,-127.17,53.5538,10.9175,73.9824280832,-65.0885077061
-5.8,22.5,36.22,141.54,37.0727,25.523,54.6052010118,84.0376365217
-4.9,23.0,36.22,141.54,48.9962,11.5213,64.8617554896,88.9564118227
-4.5,21.9,40.2,143.22,46.7917,22.7111,62.3323627791,88.4121683133
-3.2,29.55,40.2,143.22,52.4943,10.1073,68.6253690217,91.2205993646
-5.9,23.3,40.2,143.22,44.6777,26.2526,60.2479881547,88.0630055234
-3.4,19.9,40.2,143.22,46.5118,26.6489,60.8508194055,89.7362185136
-2.7,16.4,38.64,43.4,60.9677,-144.605,78.4320925828,56.1063252531
-2.8,15.5,38.64,43.4,61.1292,-145.775,78.2229859697,57.6274414558
-3.5,21.4,38.64,43.4,60.3351,-144.262,78.7605471448,56.2265735669
-3.5,21.5,38.64,43.4,60.2361,-143.969,78.8383944295,55.8660705738
-3.8,21.4,38.64,43.4,60.3863,-144.677,78.6898360348,56.8156865849
-3.1,20.0,38.64,43.4,44.7694,-79.1417,61.6178904515,-12.9106719239
-0.5,23.3,38.64,43.4,44.057,-93.885,67.456698019,-19.1818845374
-3.0,20.0,38.64,43.4,40.6358,-77.8876,59.4311701829,-15.7786796817
-2.4,20.2,-14.52,-76.12,34.9308,-4.3119,12.5467016069,-43.6366995518
-4.5,17.3,-14.52,-76.12,33.9881,-6.8569,11.7942046971,-44.5312965468
-0.1,25.1,51.78,95.91,34.3914,-5.2954,55.4850377439,35.4570754643
-2.9,23.2,-10.56,165.04,65.0304,-150.744,28.8396318522,177.956952343
-1.7,16.5,-14.26,-76.05,34.15,-4.8195,12.1883392872,-43.652895994
-2.1,17.0,-14.26,-76.05,33.3079,-5.1024,11.6588538467,-43.5796898572
-3.7,21.2,10.03,123.26,64.0997,-150.987,44.2346010072,146.48724254
-2.3,22.6,10.03,123.26,62.8962,-152.189,43.5403956775,147.108620074
-2.9,28.05,-10.44,161.13,34.55,112.47,13.2066502744,139.078966759
-1.8,23.1,-10.44,161.13,47.8651,107.053,20.7912147657,139.579578829
-0.9,18.0,-19.06,169.6,44.3386,-121.34,15.2186827117,-161.295627969
-4.6,20.2,-19.06,169.6,47.8651,107.053,16.7026584539,144.194061576
-5.5,10.8,40.88,144.93,43.8652,19.4061,63.3804421717,84.8044418939
-7.9,25.5,40.88,144.93,44.8399,-74.5065,69.9912791838,-149.889496055
-2.7,18.6,40.88,144.93,39.144,43.9172,52.8913890763,93.5424316025
-7.6,24.8,40.88,144.93,44.6197,-74.5829,69.8947077259,-149.616715576
-0.1,27.15,-35.31,-72.41,-19.2022,17.5838,-36.0575169459,-23.2613928729
-7.6,25.2,18.1,-102.97,53.2576,8.6904,50.5684173203,-65.6173439973
-4.3,21.3,18.1,-102.97,77.4447,-51.0738,49.6015714646,-93.9884636584
-3.9,12.3,18.1,-102.97,36.6457,-5.0938,38.1838466209,-59.552879607
-3.3,28.65,18.1,-102.97,36.5282,-5.0434,38.1301181386,-59.4834373087
-3.9,17.4,18.1,-102.97,36.8698,-4.0794,38.595203928,-59.2407375332
-7.7,19.1,18.1,-102.97,67.4421,26.5261,58.2775492481,-80.1851519257
-7.0,23.9,18.1,-102.97,78.1737,16.3584,56.1321552575,-91.0704982841
-9.1,17.2,18.1,-102.97,63.0422,22.6715,57.1568192943,-74.6878715995
-3.2,23.9,-19.01,168.66,62.031,129.68,22.6372675575,155.953860572
-6.7,29.55,73.01,5.59,34.2712,-117.424,64.9870274039,-97.2176591125
-6.3,26.15,73.01,5.59,10.2908,-84.9525,48.0581733839,-68.3317935052
-6.0,26.35,73.01,5.59,10.2908,-84.9525,48.0581733839,-68.3317935052
-6.9,10.5,73.01,5.59,33.6479,-116.378,64.5190731876,-96.2474556459
-2.5,13.4,-9.84,159.71,-89.9289,144.438,-50.0034608699,159.690966605
-1.5,28.95,-9.84,159.71,62.031,129.68,26.8696813438,150.120899201
-2.5,15.2,35.88,82.52,6.8367,158.315,26.33736932,124.90576085
-2.5,24.4,35.88,82.52,-9.4092,147.154,15.5617458342,118.373206664
-2.6,13.8,-3.58,100.32,44.1188,142.593,21.6017404044,117.860367514
-2.5,19.7,24.92,-110.29,55.3165,-3.2052,53.6307811108,-73.9172959965
-3.0,20.9,24.92,-110.29,60.8442,10.8865,59.1362771922,-77.7512000765
-5.0,24.8,24.92,-110.29,58.462,26.7347,63.622552869,-76.004852131
-2.5,23.8,51.56,-178.08,30.7248,-82.0223,52.1799205951,-119.956782839
-7.3,24.0,51.56,-178.08,37.0689,25.5306,76.3464784818,73.079943181
-2.1,21.3,51.56,-178.08,33.859,-82.6304,53.6218220878,-121.397705756
-1.6,19.0,51.56,-178.08,34.1565,-82.9731,53.6856863394,-121.726437968
-1.3,25.3,51.56,-178.08,34.2943,-83.1662,53.7067624291,-121.900978201
-1.2,23.7,51.56,-178.08,34.3765,-83.1811,53.744380715,-121.939854999
-1.2,25.0,51.56,-178.08,34.4498,-83.2799,53.7565949618,-122.03012532
-1.0,27.45,51.56,-178.08,34.6044,-83.4507,53.7917670016,-122.196057277
-0.8,26.95,51.56,-178.08,34.7342,-83.6121,53.8168737126,-122.34697682
-0.7,27.75,51.56,-178.08,34.8721,-83.7338,53.8559125799,-122.47510657
-1.0,26.65,51.56,-178.08,35.074,-83.9803,53.8962408378,-122.706750501
-0.7,25.9,51.56,-178.08,35.1997,-84.1369,53.9206424246,-122.852899631
-2.5,22.2,51.56,-178.08,30.5853,-82.0999,52.0883851138,-119.965871039
-2.4,22.9,51.56,-178.08,31.0673,-82.1013,52.3357066192,-120.117104954
-2.3,23.1,51.56,-178.08,31.5665,-82.0996,52.5918772279,-120.274947307
-2.2,21.1,51.56,-178.08,33.4112,-83.4666,53.186327731,-121.790359631
-0.4,22.2,51.56,-178.08,41.4745,-83.9752,57.0303307303,-125.335234225
-2.3,27.85,51.56,-178.08,39.6581,-79.8456,57.1887023698,-121.970441561
-0.6,20.8,51.56,-178.08,40.8591,-85.0271,56.4831057513,-125.686806026
-1.2,23.0,51.56,-178.08,40.922,-84.1825,56.7158918408,-125.20628244
-1.9,20.6,51.56,-178.08,40.1158,-81.8361,56.9045968101,-123.411647849
-0.6,25.2,51.56,-178.08,34.5118,-89.4092,52.3257071809,-125.98210811
-0.4,19.5,51.56,-178.08,38.2816,-84.3274,55.4004050279,-124.158863805
-0.7,20.2,51.56,-178.08,38.3001,-83.5834,55.5912243594,-123.703099281
-0.8,18.5,51.56,-178.08,37.6392,-83.5935,55.2646024065,-123.439682043
-1.1,17.8,51.56,-178.08,37.6791,-83.0784,55.4113731146,-123.13204763
-5.8,23.4,51.56,-178.08,40.6319,22.9628,78.7591695999,74.3456974731
-2.3,19.4,51.56,-178.08,32.1794,-83.8841,52.4567151775,-121.657977454
-2.4,19.6,51.56,-178.08,32.4492,-83.8973,52.5909647963,-121.753712763
-2.3,24.2,51.56,-178.08,32.7886,-83.8917,52.7650245656,-121.860911932
-1.6,22.6,51.56,-178.08,33.7318,-83.9128,53.2377401198,-122.191212897
-1.3,27.05,51.56,-178.08,34.1779,-83.8531,53.477542805,-122.306479784
-1.6,23.4,51.56,-178.08,33.9722,-83.7385,53.4022243373,-122.16046425
-0.6,25.1,51.56,-178.08,34.9762,-83.9438,53.8562404138,-122.647992006
-1.3,24.5,51.56,-178.08,35.196,-93.784,51.7052510219,-128.942885908
-0.3,24.5,51.56,-178.08,35.1606,-84.7599,53.7486278706,-123.238694646
-0.6,25.8,51.56,-178.08,35.0935,-83.9277,53.9189682753,-122.679939208
-0.6,26.55,51.56,-178.08,35.1696,-83.163,54.1465521239,-122.214863368
-0.4,24.0,51.56,-178.08,34.4241,-89.3931,52.2850882492,-125.943692415
-0.5,23.1,51.56,-178.08,34.5564,-88.5844,52.5375092388,-125.473068411
-0.7,23.7,51.56,-178.08,34.5658,-84.8574,53.4263221703,-123.091381284
-0.8,25.5,51.56,-178.08,34.6032,-83.8938,53.6814280861,-122.48245374
-1.2,25.5,51.56,-178.08,34.5031,-83.3013,53.7780465546,-122.063014689
-0.2,26.25,51.56,-178.08,33.8656,-89.5431,51.9682839388,-125.861983031
-1.2,21.8,51.56,-178.08,33.8577,-86.4119,52.6944313106,-123.853149764
-1.3,24.4,51.56,-178.08,33.864,-84.0626,53.2675127157,-122.334051817
-1.0,22.7,51.56,-178.08,33.1942,-86.5311,52.3297168667,-123.714522316
-1.1,22.5,51.56,-178.08,33.254,-85.9226,52.5057451802,-123.339212293
-1.7,22.4,51.56,-178.08,33.3167,-85.1747,52.7183310731,-122.873659407
-1.3,23.1,51.56,-178.08,33.1893,-84.4176,52.8387217678,-122.337889453
-7.7,21.2,9.71,-85.6,52.13,10.673,41.0739175964,-51.9629216874
-7.1,28.75,9.71,-85.6,69.7565,27.0035,50.6798675798,-65.0176592947
-7.1,29.15,9.71,-85.6,69.7565,27.0035,50.6798675798,-65.0176592947
-5.6,19.8,9.71,-85.6,77.4447,-51.0738,44.4373094202,-79.5483480717
-7.0,27.45,9.71,-85.6,67.4421,26.5261,50.2204240359,-62.6498221151
-4.6,10.0,9.71,-85.6,72.5744,-38.4618,42.9576543138,-75.1218244834
-6.4,28.05,52.15,-132.11,46.3416,6.95336,73.0625600852,-53.6365009607
-9.0,28.55,52.15,-132.11,50.8748,13.9469,76.9408519658,-56.4615412963
-8.4,10.2,52.15,-132.11,43.929,5.482,71.6646427866,-51.7003834912
-2.8,24.4,22.73,96.03,59.5251,-151.237,55.3913712056,128.862848554
-7.1,15.2,13.94,-92.68,49.6552,11.3594,44.3947649476,-54.9683496422
-6.8,12.6,13.94,-92.68,49.6909,11.2203,44.3713450373,-55.0277438263
-7.4,24.0,13.94,-92.68,49.1878,-2.1717,40.6443671043,-58.5282578077
-6.1,12.9,13.94,-92.68,50.8188,10.001,44.5512557493,-56.1003894013
-2.1,20.7,57.7,-142.97,45.826,15.4569,79.8536172194,-29.1008678495
-2.0,20.6,57.7,-142.97,47.8495,14.2659,80.2554203004,-35.0029324494
-3.8,17.1,57.7,-142.97,37.1328,-8.82683,68.4880745499,-50.9299211199
-1.1,22.0,37.77,143.83,50.541,7.076,68.5669981528,90.7449247475
-1.9,29.45,37.77,143.83,46.0807,14.2613,64.4615009531,86.9123275462
-0.8,29.65,37.77,143.83,49.7622,11.3187,66.7211868873,90.4238128708
-1.0,23.8,37.77,143.83,49.6909,11.2203,66.7410736318,90.3135998098
-9.7,17.0,37.77,143.83,46.461,15.5018,64.0917526416,87.7191011996
-2.3,27.85,37.77,143.83,46.4481,16.2504,63.7916068429,87.9492580622
-4.2,16.8,37.77,143.83,78.1777,16.37,66.7441284107,130.077627107
-3.5,25.1,37.77,143.83,53.0913,-2.2062,72.5522173522,94.85052231
-5.4,29.55,31.08,-119.61,51.4455,7.2643,61.9441741604,-73.6239640207
-6.0,21.6,67.65,142.51,29.422,-81.2578,65.3545934714,-105.108650009
-5.8,22.7,67.65,142.51,28.9413,-82.0685,64.9509964367,-105.95130686
-5.8,21.6,67.65,142.51,28.9621,-81.1996,65.1398788951,-104.899416719
-6.6,22.2,67.65,142.51,37.2113,-80.4205,69.3125799956,-107.035554766
-1.7,20.6,67.65,142.51,33.6552,-115.99,60.3570642729,-142.251928047
-7.1,28.85,67.65,142.51,47.152,-76.657,74.7150116386,-108.641166018
-6.4,28.45,67.65,142.51,40.6782,30.4926,65.8061659659,60.3211568001
-6.5,28.45,67.65,142.51,45.2867,-91.1698,70.8765332107,-123.851159583
-6.5,27.05,67.65,142.51,45.2684,-90.2006,71.0690629162,-122.82223057
-4.5,18.5,67.65,142.51,30.1664,-98.213,62.1774437984,-124.310502784
-7.3,23.6,67.65,142.51,19.9268,-75.1108,61.8646105501,-95.1261554208
-7.4,28.15,67.65,142.51,41.3321,-82.1831,70.9063754556,-111.326311742
-7.7,26.45,67.65,142.51,41.5405,-81.357,71.1738156134,-110.458210849
-0.7,17.3,67.65,142.51,34.8126,-119.145,60.3424215379,-145.347472442
-7.4,27.65,67.65,142.51,40.8125,-81.6876,70.7640191343,-110.433839132
-1.0,28.35,67.65,142.51,-2.0496,125.988,33.1046897239,130.529337096
-4.8,24.4,67.65,142.51,41.153,29.643,66.2012697665,59.7514626826
-6.5,28.45,67.65,142.51,45.534,-91.096,71.0049431785,-123.94203925
-6.5,28.25,67.65,142.51,45.415,-90.946,70.9816130567,-123.704453524
-6.6,20.9,67.65,142.51,36.3644,-82.5765,68.4643530792,-109.268069876
-7.9,26.25,67.65,142.51,37.965,-87.666,68.1755167127,-115.905630755
-6.6,27.95,67.65,142.51,48.1901,-77.7572,74.9582462138,-110.935957772
-0.8,22.0,67.65,142.51,33.9407,-116.409,60.4192869617,-142.705090342
-5.0,29.55,67.65,142.51,40.5658,29.3708,65.9764909177,59.2243424208
-5.9,19.1,67.65,142.51,33.1893,-84.4176,66.5474736408,-110.16849345
-2.8,22.8,50.7,157.75,40.147,-82.6056,63.3984085363,-133.295459509
-3.7,25.3,50.7,157.75,39.602,-80.4796,63.8739152913,-131.444456367
-1.2,21.9,-6.74,154.56,60.2474,-142.723,30.1453605481,174.455792624
-1.2,27.95,-3.13,142.61,33.6506,73.2686,18.3569016877,111.512825161
-1.6,22.5,30.22,103.12,38.5145,28.6607,40.6696430722,68.03947558
-1.7,21.2,23.84,120.82,66.5657,-145.234,53.7377384996,144.954209099
-3.8,15.9,23.84,120.82,61.832,-147.329,51.7569800965,148.542090788
-1.7,17.0,-10.15,107.37,42.015,143.157,16.7174945658,122.691423794
-2.0,18.3,34.2,25.06,60.2994,-141.348,75.7617409305,6.38857970119
-2.8,17.8,11.62,-87.3,66.4796,-46.3094,40.6151210129,-75.7279075276
-2.7,24.7,10.91,-42.46,37.7579,38.3758,30.6567507915,-7.2717536171
-5.4,28.35,10.91,-42.46,44.4767,-117.469,33.3502890688,-73.0648624111
-4.8,26.35,10.91,-42.46,47.2545,-120.666,35.3962374834,-73.1536327468
-4.3,19.5,10.91,-42.46,46.8292,-113.941,34.0222960423,-70.8998830047
-2.8,18.0,-41.63,174.17,2.4529,112.214,-22.5129535789,138.269338774
-2.0,20.4,-41.76,174.04,-1.1073,116.905,-24.0594692968,140.964947773
-4.6,28.75,-41.76,174.04,5.2288,96.9472,-22.8100826595,128.996841435
-3.6,25.8,-41.76,174.04,-4.3605,102.956,-27.5461657066,132.644870339
-3.3,17.7,-41.76,174.04,2.4529,112.214,-22.5713277168,138.183332563
-5.3,19.3,51.44,-175.12,37.0689,25.5306,77.5320890045,71.2806620368
-3.6,11.1,51.44,-175.12,47.6326,25.2176,81.2568887216,92.8189868984
-2.4,24.7,51.44,-175.12,41.097,40.7612,72.9708824415,96.5705291876
-1.5,22.5,51.44,-175.12,39.5867,39.722,72.801553892,93.7295542345
-6.3,27.95,51.44,-175.12,55.5052,23.968,82.7347443982,120.300860311
-4.9,14.7,51.44,-175.12,40.6319,22.9628,79.9350679879,72.3328994754
-3.3,15.5,51.44,-175.12,45.709,13.764,85.1770739627,63.2474252972
-1.4,18.9,51.37,-174.82,39.3806,37.0573,73.9088713086,90.7318561267
-2.2,18.5,51.37,-174.82,39.4523,34.7451,74.8758625778,88.1472851201
-2.4,17.9,51.37,-174.82,36.6193,36.4138,73.0638546312,86.7602853649
-2.8,12.5,51.37,-174.82,36.6013,34.1213,73.9961139703,83.8459946259
-1.2,24.4,51.37,-174.82,38.9913,40.6792,72.2946776518,94.1469002946
-2.6,26.45,51.37,-174.82,37.0107,35.7478,73.4973857953,86.3783862487
-2.6,25.6,51.37,-174.82,41.097,40.7612,73.0802497595,96.7064401203
-1.7,23.3,51.37,-174.82,18.8141,98.9443,43.4493909287,131.22280657
-4.3,21.5,51.37,-174.82,36.7308,27.5767,76.7092050939,74.325837223
-4.5,11.0,51.37,-174.82,46.7917,22.7111,82.1668524324,87.3303829637
-2.0,24.4,51.37,-174.82,37.9532,40.1393,72.0938426724,92.4457406892
-1.2,22.0,51.37,-174.82,39.5867,39.722,72.9139374991,93.8447234419
-2.2,23.9,51.37,-174.82,38.1512,41.1985,71.7477011662,93.7683044829
-0.9,22.0,51.37,-174.82,38.3775,39.306,72.6021330814,92.0171085194
-4.0,14.3,51.37,-174.82,40.6319,22.9628,80.0607360552,72.2460215521
-2.7,25.3,51.37,-174.82,37.441,38.8213,72.4188851404,90.4571209965
-1.5,23.2,51.37,-174.82,39.4377,40.5443,72.5256969789,94.5142794708
-0.9,17.2,-30.83,-177.99,24.4638,118.388,-3.75571044836,149.167976964
-4.0,21.5,35.37,23.37,71.6341,128.867,62.6541257244,45.9576561927
-3.4,29.35,37.17,144.66,50.7898,12.0809,66.7430430658,93.0363081261
-2.7,29.95,37.17,144.66,46.5092,14.5489,64.5604943546,88.5156127446
-2.4,28.45,37.17,144.66,45.8033,14.8393,64.2104715686,87.8408578069
-3.6,29.85,37.17,144.66,46.0322,13.8877,64.6761694113,87.7914983593
-2.0,27.05,37.17,144.66,47.2638,11.6363,65.9824800363,88.5672303703
-0.7,16.7,23.64,121.39,61.036,-142.346,52.3032840788,150.579206958
-1.6,15.4,23.64,121.39,63.5527,-150.923,51.4682564758,146.904885975
-2.1,14.8,23.64,121.39,63.7318,-148.937,51.9063655226,147.155144571
-1.9,16.0,23.64,121.39,60.1785,-141.951,52.0866900474,151.350610601
-1.1,19.9,23.64,121.39,77.4447,-51.0738,63.1102871131,119.053138056
-1.8,14.5,23.64,121.39,63.4056,-148.86,51.8050652007,147.426900139
-0.6,20.2,23.64,121.39,61.1082,-155.622,49.6525709724,147.615959948
-1.3,16.2,23.64,121.39,60.3583,-141.751,52.1957480215,151.244933935
-6.4,27.25,54.79,162.29,46.9186,28.8127,71.8869353401,84.4523366927
-2.2,17.5,-7.02,128.29,-77.8492,166.757,-43.460266771,134.75931244
-5.7,12.7,36.22,82.57,55.3493,-160.477,62.1853096774,125.317845624
-2.3,16.6,12.52,-87.91,48.2163,7.15896,40.4451932132,-51.9859863298
-4.7,22.4,12.52,-87.91,48.9962,11.5213,41.9705148405,-51.1814415126
-3.5,21.2,12.52,-87.91,49.0619,16.3952,43.3682011406,-49.9243488607
-3.2,20.0,12.52,-87.91,45.709,13.764,40.9184269898,-48.5531545333
-4.1,12.0,40.8,-125.23,-30.1727,-70.7993,5.99146615327,-96.0679492311
-3.0,14.5,40.8,-125.23,-11.9875,-76.8422,15.7411613023,-97.7719750023
-3.0,14.5,40.8,-125.23,-11.9875,-76.8422,15.7411613023,-97.7719750023
-3.8,20.8,40.8,-125.23,-19.5972,-70.123,11.940257605,-94.4360017596
-5.4,16.4,40.8,-125.23,-8.9489,-63.1831,18.4086004704,-89.6760051819
-3.1,17.4,-20.01,-71.05,33.2981,-7.4133,7.82433947616,-41.3006953949
-3.2,12.1,-20.01,-71.05,40.3997,-7.5442,11.9584056194,-42.9906084219
-2.9,13.6,-19.7,-71.05,61.1595,-45.4188,21.2450839708,-62.4196194171
-0.5,27.85,-19.7,-71.05,43.0927,-70.865,11.7274353418,-70.9691396802
-6.0,13.3,-20.34,-70.88,33.2981,-7.4133,7.62408668582,-41.1717158541
-3.3,12.1,-20.34,-70.88,-75.1065,123.305,-62.3555754746,-76.1219839794
-2.0,28.85,11.7,-86.22,50.8748,13.9469,42.6098490448,-50.5863380948
-2.7,29.85,11.7,-86.22,49.7622,11.3187,41.3781627286,-50.5797379496
-2.1,29.45,11.7,-86.22,49.3435,11.806,41.2971342886,-50.1889060667
-2.8,29.35,11.7,-86.22,49.1121,11.6767,41.1480088133,-50.0846969739
-2.7,29.35,11.7,-86.22,48.9962,11.5213,41.0494869024,-50.0587144421
-4.0,27.55,11.7,-86.22,54.5477,13.3214,44.1310196748,-53.2420810004
-1.6,29.75,11.7,-86.22,50.5074,16.0121,42.9971256794,-49.8237955385
-1.0,29.45,11.7,-86.22,49.3084,16.5933,42.5821591975,-48.8809867496
-1.0,20.0,-53.65,9.24,35.4606,23.9811,-9.21242430574,17.7758277184
-2.1,16.0,-6.92,154.99,18.8141,98.9443,6.73852399975,127.688647308
-0.8,29.35,-6.92,154.99,47.9475,-124.566,25.8883354234,-174.086493691
-6.1,15.2,49.65,-127.59,51.1476,1.1366,70.3219236045,-65.1078842009
-5.2,28.15,49.65,-127.59,53.2697,17.2367,76.38675476,-62.2949213718
-6.6,26.25,49.65,-127.59,49.1878,-2.1717,68.5865981618,-64.3592872199
-6.6,23.4,49.65,-127.59,36.4656,-6.2055,61.971709443,-56.0386031089
-7.8,13.9,49.65,-127.59,62.7191,26.1506,79.3358373523,-86.9189867144
-2.6,23.2,17.36,-100.74,62.1783,6.9974,52.0359843435,-71.9978542278
-5.1,25.9,17.36,-100.74,69.5349,25.5058,57.2057167422,-80.0295647014
-5.1,23.7,17.36,-100.74,68.3916,23.6572,56.8314125148,-78.5382963283
-3.9,20.1,17.36,-100.74,60.8442,10.8865,52.6411468105,-70.3829613648
-3.8,19.4,17.36,-100.74,61.0308,10.7777,52.6635261204,-70.5714583494
-3.0,19.6,17.36,-100.74,60.7352,11.5414,52.7826347159,-70.2251940092
-2.5,22.2,17.36,-100.74,77.4447,-51.0738,49.0853641559,-92.1170362734
-5.5,22.3,17.36,-100.74,65.0853,25.8964,57.1936686608,-75.006447368
-4.9,25.6,17.36,-100.74,67.4421,26.5261,57.4189061227,-77.7720676586
-2.5,14.2,-49.9,-115.06,34.946,-106.457,-7.53168342062,-110.243007696
-4.3,10.8,-49.9,-115.06,26.9368,-105.664,-11.5620974441,-109.605882431
-3.5,12.6,-49.9,-115.06,29.0198,-110.949,-10.4881262705,-112.693544726
-5.9,12.1,-49.9,-115.06,31.6985,-105.382,-9.17093551876,-109.552282678
-2.9,15.3,-49.9,-115.06,37.7461,-106.829,-6.1216809124,-110.524333578
-6.8,11.2,-49.9,-115.06,29.3342,-103.668,-10.3733738851,-108.508390365
-3.0,13.9,-49.9,-115.06,33.937,-106.965,-8.03650788728,-110.503535364
-3.9,17.6,6.58,144.87,41.8,71.9667,29.0996331082,114.405849159
-4.4,10.8,6.58,144.87,40.0575,70.818,28.3025378688,113.405332359
-2.2,14.9,6.58,144.87,42.0778,75.2496,28.7675216395,115.781587166
-5.8,25.3,-30.03,-177.13,-4.3605,102.956,-21.9939313886,139.547974578
-5.8,20.4,-55.34,-28.31,-41.3087,174.704,-77.91825782,-140.921222674
-3.9,28.95,-6.39,152.89,63.7399,-144.846,32.0025622729,170.996315958
-1.1,23.7,-6.39,152.89,-72.5301,-97.5606,-48.7910020854,170.501621997
-5.0,23.6,36.97,142.39,50.8748,13.9469,65.1241293503,91.8007788863
-5.4,27.05,36.97,142.39,38.3868,26.0506,55.7273149506,85.0988242902
-4.5,25.1,36.97,142.39,45.826,15.4569,62.9664694187,86.6868316859
-4.5,24.3,36.97,142.39,52.3063,7.7592,67.7632658642,92.6766374579
-3.9,20.6,36.97,142.39,53.2576,8.6904,67.6031497774,94.0698923828
-4.0,22.1,36.97,142.39,46.6299,13.6416,63.9634276443,86.9420237602
-4.6,16.9,36.97,142.39,61.2759,10.7629,67.9806233348,105.509706191
-5.5,23.8,36.97,142.39,77.4447,-51.0738,69.5570784919,147.325095304
-6.2,20.2,36.97,142.39,54.5477,13.3214,66.2319989948,96.249201234
-1.2,24.4,36.97,142.39,40.3972,37.3273,52.8096222035,91.6428086787
-6.0,11.8,32.59,47.53,52.2016,-174.197,67.1720784886,94.2276133614
-7.1,16.2,32.59,47.53,77.4447,-51.0738,61.0997424796,32.6398814147
-0.3,17.9,-32.34,-110.81,33.2682,-116.417,0.466036903859,-113.598911838
-0.3,20.1,-32.34,-110.81,33.6102,-116.455,0.637776606515,-113.612268254
-0.3,23.4,-32.34,-110.81,34.6822,-118.574,1.17741345452,-114.639584102
0.0,21.8,-32.34,-110.81,34.2712,-117.424,0.970159600795,-114.08048768
0.0,22.8,-32.34,-110.81,34.5298,-118.145,1.100516326,-114.431345069
-3.0,14.1,-32.34,-110.81,47.037,-68.1066,7.91175953336,-91.847287886
-0.9,19.7,-32.34,-110.81,34.1714,-118.185,0.920392512281,-114.458953984
-0.5,27.45,-32.34,-110.81,35.2674,-117.846,1.47105015979,-114.26797912
-2.4,15.0,-32.34,-110.81,46.422,-68.4623,7.57253182376,-91.8786022589
-2.6,15.0,-32.34,-110.81,46.4184,-67.8285,7.586682353,-91.5978511171
-0.1,29.15,-32.34,-110.81,43.6972,-123.349,5.73421717286,-116.591795837
-0.2,23.2,-32.34,-110.81,34.9906,-118.342,1.3322953625,-114.518119565
0.0,18.4,-32.34,-110.81,32.892,-116.422,0.277146111525,-113.607379645
-0.2,17.8,-32.34,-110.81,35.4843,-115.553,1.57843766749,-113.137891611
-0.7,20.0,-32.34,-110.81,34.6145,-118.724,1.14347809315,-114.715179873
-0.7,21.3,-32.34,-110.81,34.442,-118.582,1.05665142792,-114.649127142
-0.7,23.7,-32.34,-110.81,33.1927,-116.254,0.4280976146,-113.519007595
-1.8,14.9,-32.34,-110.81,37.0204,-84.8384,2.40969062141,-98.1964018877
-0.5,19.9,-37.51,179.74,-62.2373,-58.6627,-65.6476989337,-144.367842123
-3.8,18.7,36.76,137.88,37.0689,25.5306,53.5203914651,81.8779160976
-2.0,23.0,36.76,137.88,47.2505,15.5232,61.6244327503,85.2225030095
-2.7,26.85,36.76,137.88,43.8652,19.4061,58.8712840436,83.6849816614
-3.1,27.45,36.76,137.88,45.1573,19.8098,59.254382967,84.8891061785
-2.8,23.3,36.76,137.88,48.8591,17.6707,61.4219317996,87.4387027895
-3.4,18.3,36.76,137.88,49.1309,13.5782,62.9848846404,86.5089541138
-2.6,27.85,36.76,137.88,45.446,23.7698,57.979498198,86.6452823257
-2.6,21.2,36.76,137.88,46.6299,13.6416,62.1083686888,84.0097496967
-2.4,26.1,36.76,137.88,46.5092,14.5489,61.7205107853,84.1947725059
-3.1,18.2,36.76,137.88,39.9363,23.6768,55.5694882333,82.7142320634
-3.7,22.0,36.76,137.88,47.4871,10.7623,63.5099150051,83.9832197447
-5.3,19.4,36.76,137.88,52.4759,13.78,63.925585557,90.188975467
-2.4,27.25,-6.62,154.41,60.9677,-144.605,30.3766973976,173.492564199
-2.0,22.2,-6.62,154.41,60.2474,-142.723,30.2266809131,174.344260424
-1.0,18.2,-6.62,154.41,38.1448,-122.88,20.5714682826,-170.0548305
-0.9,16.3,-6.62,154.41,37.8775,-122.249,20.4958953839,-169.713400963
-5.5,19.5,7.98,-82.63,52.9948,9.39982,39.507388276,-50.7586508014
-3.2,19.3,7.98,-82.63,50.4353,-3.931,35.5121714509,-53.3423166167
-3.0,23.5,7.98,-82.63,77.4447,-51.0738,43.4468035025,-77.0902074841
-5.4,10.4,5.59,-82.64,60.7541,-142.829,36.6210366502,-101.570219937
-3.6,10.9,5.59,-82.64,56.4191,-132.347,33.3494139945,-99.9831684951
-3.5,23.0,-55.5,-28.14,-41.3087,174.704,-77.9549211887,-141.42091484
-7.2,22.5,39.78,143.22,46.7917,22.7111,62.1472289964,88.715607856
-3.7,23.9,39.78,143.22,61.0495,11.2939,69.3372302464,104.192804426
-4.4,25.2,39.78,143.22,47.9184,19.8944,63.5686103684,88.7596447047
-5.1,28.85,-16.41,168.23,64.6453,-147.805,25.6096384619,-178.55273836
-1.1,23.3,-16.41,168.23,-75.1065,123.305,-47.2983599582,159.174396921
-5.0,28.65,-16.41,168.23,64.8736,-147.862,25.7206460621,-178.650115765
-0.8,24.5,-16.41,168.23,11.952,108.481,-2.57419626448,138.033571069
-0.7,29.75,-16.41,168.23,60.5805,-144.729,23.755321587,-176.225707244
-4.9,29.05,-16.41,168.23,65.1479,-149.36,25.76174122,-179.167470793
-4.6,28.95,-16.41,168.23,64.9602,-148.232,25.7399163996,-178.784904828
-4.4,29.35,-16.41,168.23,64.5928,-149.069,25.5012336384,-178.893391307
-4.7,29.45,-16.41,168.23,65.1171,-147.434,25.8712047119,-178.618060563
-4.7,29.35,-16.41,168.23,65.1171,-147.434,25.8712047119,-178.618060563
-5.0,28.65,-16.41,168.23,64.8735,-147.862,25.7205958228,-178.650080059
-5.4,11.0,-15.25,-173.17,-66.2792,110.535,-46.2867408965,166.555491922
-5.3,11.0,-15.25,-173.17,-66.2792,110.535,-46.2867408965,166.555491922
-3.1,29.75,23.96,122.31,82.5033,-62.35,60.8008610949,123.086864062
-5.2,12.7,23.96,122.31,8.8952,38.6798,21.6130817473,78.5069609939
-4.1,22.1,23.96,122.31,72.7829,-56.1395,65.6787959401,121.565323976
-2.7,23.0,23.96,122.31,55.1833,-119.254,56.4890795186,160.389728593
-4.4,11.2,51.69,-130.85,40.9178,76.521,76.3268806227,130.824360766
-6.0,10.0,51.69,-130.85,38.5137,32.253,79.5160825074,-11.3983131568
-8.9,25.9,51.69,-130.85,54.5885,-3.1034,71.7097626229,-70.9042467636
-5.8,27.35,51.69,-130.85,38.2,32.3648,79.4292220803,-10.6459919134
-9.2,21.3,51.69,-130.85,67.8979,34.6514,80.973559732,-110.589199163
-6.6,22.0,51.69,-130.85,40.3972,37.3273,82.0725930826,-2.10755503257
-6.3,22.9,51.69,-130.85,43.9411,5.4839,71.1093515544,-52.1423683328
-5.3,28.75,27.56,85.95,46.4548,8.6629,43.8750791044,53.0123041562
-5.3,13.0,27.56,85.95,58.2758,-134.385,65.7725562131,121.032004272
-3.3,22.9,-7.36,154.49,-37.7963,77.5692,-27.924175348,121.141703893
-4.4,16.9,-7.36,154.49,60.1205,-143.284,29.6942499811,174.324394001
-4.4,18.5,-7.36,154.49,60.2805,-143.321,29.7706252901,174.241883186
-1.3,24.4,-7.36,154.49,42.218,-122.305,22.6786235658,-171.217623018
-2.3,14.1,38.89,142.29,47.0211,10.7291,66.0430127981,84.8562398656
-2.4,22.6,38.89,142.29,31.3034,35.5665,49.6671134366,85.35580177
-3.2,14.1,38.89,142.29,46.2445,13.5094,64.6816390852,84.9011826838
-3.9,15.1,-54.53,-132.39,33.6552,-115.454,-10.5971349265,-122.403573676
-3.9,10.4,-54.53,-132.39,34.0006,-115.998,-10.4153998381,-122.741079537
-3.7,11.9,-54.53,-132.39,34.2388,-117.659,-10.2754705532,-123.730547604
-4.7,14.5,-54.53,-132.39,33.3647,-115.73,-10.7405424148,-122.553099891
-3.6,11.8,-54.53,-132.39,34.0928,-117.317,-10.3530589198,-123.522846251
-4.6,11.3,-54.53,-132.39,32.8634,-115.123,-11.0023950886,-122.17000731
-4.3,12.1,-54.53,-132.39,33.6773,-115.872,-10.5805526446,-122.651595772
-4.1,13.4,-54.53,-132.39,33.936,-116.578,-10.4409636908,-123.080226816
-3.6,12.5,-54.53,-132.39,34.1062,-118.455,-10.3338393003,-124.193854855
-3.9,14.4,-54.53,-132.39,34.1714,-118.185,-10.3037893066,-124.037469427
-3.8,17.1,-54.53,-132.39,34.1714,-118.185,-10.3037893066,-124.037469427
-4.0,16.6,-54.53,-132.39,-22.643,114.234,-54.0049979195,151.84140295
-4.0,10.1,-54.53,-132.39,33.0515,-114.827,-10.9112615297,-122.003457793
-3.7,13.1,-54.53,-132.39,33.7073,-115.639,-10.568361303,-122.515356523
-3.6,11.3,-54.53,-132.39,33.7081,-117.002,-10.5510963566,-123.320376076
-3.9,10.9,-54.53,-132.39,32.9015,-115.561,-10.977147302,-122.43157787
-4.4,17.8,-54.53,-132.39,34.1574,-115.145,-10.3469127336,-122.245635223
-3.5,17.8,-54.53,-132.39,33.081,-116.598,-10.8729388606,-123.05420792
-3.3,14.5,-54.53,-132.39,34.4489,-117.955,-10.1661450133,-123.913594239
-4.0,22.9,-54.53,-132.39,33.9254,-116.173,-10.4512675446,-122.840815996
-2.7,13.1,-54.53,-132.39,34.8076,-118.868,-9.97569233648,-124.464650776
-3.5,12.4,-54.53,-132.39,33.236,-116.759,-10.792605935,-123.156255708
-3.6,13.7,-54.53,-132.39,33.8174,-117.445,-10.4907239121,-123.586544189
-3.3,11.6,-54.53,-132.39,34.5271,-118.03,-10.1258579305,-123.96096966
-3.6,11.0,-54.53,-132.39,33.3516,-116.562,-10.7366023942,-123.044740428
-3.8,10.9,-54.53,-132.39,34.0385,-116.648,-10.3883028035,-123.126124637
-3.5,14.2,-54.53,-132.39,33.808,-116.968,-10.5010138018,-123.304657802
-3.3,12.7,-54.53,-132.39,34.6145,-118.724,-10.0745638714,-124.372394165
-3.6,16.3,-54.53,-132.39,33.389,-117.032,-10.7119814645,-123.324346197
-4.2,13.7,-54.53,-132.39,34.3034,-114.142,-10.2863626444,-121.661883074
-3.9,11.3,-54.53,-132.39,34.1207,-117.638,-10.3353523319,-123.713174543
-3.4,11.8,-54.53,-132.39,33.6871,-116.924,-10.5626343266,-123.273404022
-4.0,12.3,-54.53,-132.39,34.0918,-117.807,-10.3480773936,-123.811527723
-4.0,10.2,-54.53,-132.39,34.0009,-118.013,-10.3917193102,-123.929159854
-3.6,11.6,-54.53,-132.39,34.282,-118.479,-10.2448660069,-124.215021814
-4.0,10.9,-54.53,-132.39,34.1047,-117.98,-10.3396714363,-123.913986538
-3.7,16.5,-54.53,-132.39,33.6742,-117.609,-10.5611810978,-123.677328769
-4.4,15.5,-54.53,-132.39,32.9722,-114.978,-10.9493179937,-122.089171554
-4.1,10.9,-54.53,-132.39,33.2801,-115.986,-10.7800253181,-122.700708405
-4.5,12.8,-54.53,-132.39,33.4852,-115.866,-10.6778168674,-122.639130042
-3.4,15.6,-54.53,-132.39,34.0351,-116.808,-10.3881217834,-123.220302322
-5.6,13.0,-54.53,-132.39,-9.7553,124.267,-44.019146518,157.857452862
-3.4,15.2,-54.53,-132.39,34.0593,-118.646,-10.3555125571,-124.304509956
-3.1,12.0,-54.53,-132.39,34.382,-117.678,-10.20293402,-123.747822399
-4.2,13.6,-54.53,-132.39,33.5753,-116.226,-10.6276762546,-122.856077678
-4.0,12.0,-54.53,-132.39,34.8788,-118.229,-9.94619951377,-124.092565012
-3.6,11.2,-54.53,-132.39,33.5234,-116.426,-10.6514302285,-122.971947462
-4.3,10.9,-54.53,-132.39,32.759,-115.732,-11.0469519539,-122.526510675
-3.3,11.5,-54.53,-132.39,33.5736,-116.675,-10.622996037,-123.121336891
-3.9,13.4,-54.53,-132.39,33.0383,-115.582,-10.9076461281,-122.450337742
-4.5,13.0,-54.53,-132.39,33.2788,-115.579,-10.7859883943,-122.459733246
-4.1,21.2,-54.53,-132.39,32.6475,-115.922,-11.1008199351,-122.634269996
-1.7,23.5,-16.78,-14.1,40.6062,33.6197,13.0096881266,6.84804595067
-3.8,11.9,-16.78,-14.1,45.7381,14.4221,14.9490802423,-2.11172011418
-4.2,22.7,-16.78,-14.1,10.2908,-84.9525,-3.98737216095,-50.0795673258
-4.1,22.6,-16.78,-14.1,10.2908,-84.9525,-3.98737216095,-50.0795673258
-3.7,11.5,-16.78,-14.1,61.1128,11.7153,22.7091798117,-5.49730168304
-4.6,10.1,-16.78,-14.1,52.4759,13.78,18.3860990776,-3.30881849164
-2.0,15.2,-16.78,-14.1,70.4856,-21.9497,27.0055320512,-16.1310922739
-6.0,11.9,-19.4,-176.05,-89.9289,144.438,-54.763398589,-176.098032443
-6.0,10.3,-19.4,-176.05,-89.9289,144.438,-54.763398589,-176.098032443
-6.2,22.0,-19.4,-176.05,-89.93,144.44,-54.7638240451,-176.097288065
-1.9,28.05,-9.4,158.33,61.036,-142.346,28.7546200937,177.011809504
-1.5,27.55,-9.4,158.33,60.7523,-143.093,28.5353312549,176.922280365
-1.5,27.75,-9.4,158.33,60.6024,-142.341,28.5363436917,177.201969127
-1.6,23.6,-9.4,158.33,60.072,-143.779,28.1218267291,177.010446021
-2.0,26.15,-9.4,158.33,60.448,-142.853,28.4058350009,177.12130346
-3.3,13.1,52.21,-169.42,46.2281,13.7368,86.7288495567,36.6685109924
-2.0,20.7,52.21,-169.42,18.8141,98.9443,45.0659176744,132.378461091
-3.7,19.8,52.21,-169.42,38.5712,37.4832,75.6131891521,87.2097815844
-4.0,16.6,52.21,-169.42,40.987,39.7667,75.646516622,93.4662672492
-2.0,20.7,52.21,-169.42,19.3148,97.9632,45.5708608373,131.762578746
-3.6,17.1,52.21,-169.42,46.5092,14.5489,86.6950423173,43.4715214242
-8.0,11.7,52.21,-169.42,44.6777,26.2526,82.2005883815,80.1223394113
-3.1,20.3,52.21,-169.42,38.3775,39.306,74.8145217752,89.421835044
-0.4,25.5,-30.88,-71.62,-66.6649,140.002,-68.6751599557,-93.4058372093
-4.2,22.9,51.55,-173.02,37.9467,27.8908,77.7728354651,74.850758589
-0.9,17.3,51.55,-173.02,39.144,43.9172,71.8049752979,97.259524777
-3.0,13.4,51.55,-173.02,44.0981,19.9917,83.1011562815,71.3219980781
-5.8,18.0,51.55,-173.02,55.1146,36.5674,79.1218553012,120.749155295
-4.8,15.3,51.55,-173.02,40.8217,23.3539,80.6464029052,71.004841402
-4.6,12.5,51.55,-173.02,44.4581,28.4128,79.9233606995,87.7524227906
-5.5,11.3,31.13,128.67,50.9676,12.5763,58.0293634053,84.3046603615
-4.2,16.6,31.13,128.67,43.4917,5.3325,57.8602028369,75.6787055997
-4.6,14.9,31.13,128.67,52.1283,10.6738,59.057940248,84.9595346931
-3.4,12.7,31.13,128.67,43.8652,19.4061,52.8290048547,80.894042733
-3.2,29.55,31.13,128.67,64.7474,-21.3268,69.5750686964,104.941586567
-4.6,12.2,31.13,128.67,46.938,6.47298,58.7503952419,79.0628114259
-3.8,11.6,31.13,128.67,48.1639,11.2768,57.445713035,81.4742887116
-5.5,13.4,31.13,128.67,52.922,9.4255,59.7251247749,85.491863268
-3.2,11.9,31.13,128.67,46.7568,8.15117,58.0473230559,79.3634324535
-4.2,14.7,31.13,128.67,38.7889,20.6578,49.953970737,78.3375876471
-2.9,17.8,31.13,128.67,43.9377,5.1064,58.1322223727,75.9901883492
-5.2,12.8,31.13,128.67,50.415,12.461,57.8709007055,83.7762531635
-4.3,14.4,31.13,128.67,46.7737,6.95862,58.5041675894,79.0454346784
-4.1,16.5,18.91,-107.17,40.3997,-7.5442,41.2633665246,-64.6197137682
-4.1,16.5,18.91,-107.17,40.3997,-7.5442,41.2633665246,-64.6197137682
-3.2,22.6,22.94,120.43,62.4058,-150.262,50.9959252744,147.03237218
-4.3,25.1,22.94,120.43,59.9832,-153.143,49.4910610123,148.142047536
-4.5,26.35,22.94,120.43,60.0815,-152.624,49.6332866012,148.198821311
-1.4,18.9,-6.83,154.57,18.8141,98.9443,6.77624659291,127.475119937
-1.5,19.2,51.38,-173.82,18.8141,98.9443,43.6728651904,131.530653945
-1.3,17.5,51.38,-173.82,18.8138,98.9443,43.6727021103,131.530609163
-1.0,17.1,51.38,-173.82,47.0784,13.3447,86.255284484,64.9970954994
-3.4,26.45,51.38,-173.82,38.2,32.3648,75.7664644502,83.0789920472
-2.5,16.5,51.38,-173.82,38.1512,41.1985,72.1514400628,93.7047854953
-4.9,11.2,51.38,-173.82,44.4581,28.4128,79.6021674116,88.5145686179
-3.7,12.1,54.3,163.15,45.6188,21.6401,74.0626470086,77.9205728444
-6.0,12.3,54.3,163.15,40.3997,-7.5442,81.9141577708,19.4530708634
-6.0,12.3,54.3,163.15,40.3997,-7.5442,81.9141577708,19.4530708634
-6.8,11.0,57.22,-157.66,47.5877,8.25474,82.8305279983,-33.2281097157
-7.2,13.7,57.22,-157.66,47.395,7.2313,82.4666017371,-35.2830061711
-7.1,10.0,57.22,-157.66,37.9532,40.1393,77.673920098,71.4259122439
-7.0,28.75,57.22,-157.66,45.1573,19.8098,83.9098564341,11.512109049
-5.7,12.5,57.22,-157.66,46.7568,8.15117,82.4686829534,-31.5465643174
-8.2,27.85,57.22,-157.66,50.8297,12.2681,85.1773650177,-31.6396098536
-6.3,12.4,57.22,-157.66,49.4189,20.3131,86.042150595,10.3677466759
-8.2,17.0,57.22,-157.66,50.5565,16.2156,86.0081851804,-14.6116156979
-6.2,11.3,57.22,-157.66,46.7737,6.95862,82.1434443165,-34.5050749701
-0.3,25.4,-13.92,166.54,35.3018,-116.806,13.5440662517,-159.028516807
-6.7,12.1,-14.34,166.38,5.2288,96.9472,-5.54562946087,131.121116116
-1.6,16.0,-14.34,166.38,34.55,112.47,11.324183686,141.773437186
-3.5,12.2,32.84,130.77,51.4455,7.2643,61.57683193,84.4015742247
-2.3,14.4,32.84,130.77,50.602,10.7921,60.0705742455,84.305452386
-2.0,17.2,32.84,130.77,48.8902,11.5858,59.1983099674,82.8861483061
-3.3,13.5,32.84,130.77,52.9682,7.09718,62.0713246863,86.0146925791
-1.1,22.3,32.84,130.77,46.678,15.0327,57.1352593838,82.0061824398
-4.5,20.7,-55.59,-27.05,-41.3087,174.704,-78.3040421836,-142.449876034
-0.5,21.1,-16.05,167.26,-77.875,-34.6269,-58.5652790781,173.11179787
-0.6,25.4,-16.05,167.26,-89.9289,144.438,-53.0924728304,167.231264278
-3.5,16.8,10.42,-103.9,55.3165,-3.2052,44.0420886006,-71.3597562128
-3.4,21.6,0.43,-80.04,37.0469,9.1091,25.3985068676,-41.7519571923
-0.1,25.8,-56.24,-26.5,14.392,-16.9555,-21.0503807568,-20.4362471143
-0.6,17.1,25.42,122.35,62.3579,-141.878,53.5667626137,150.714109825
-5.9,19.5,18.43,-105.33,50.1867,-5.2273,46.0689461174,-68.2861354208
-4.7,26.25,18.43,-105.33,56.9125,-2.4864,49.6342420171,-72.5285256208
-5.3,20.4,18.43,-105.33,50.4353,-3.931,46.5406132958,-68.0968890758
-5.1,20.4,18.43,-105.33,50.9943,-4.48483,46.6408648141,-68.6208300611
-5.4,23.7,18.43,-105.33,52.3743,-6.7745,46.6459677821,-70.1538734783
-6.7,25.7,18.43,-105.33,47.2683,3.8589,47.4272455105,-63.8416573336
-6.7,26.65,18.43,-105.33,65.0853,25.8964,58.8570081451,-80.0011077592
-5.3,27.65,18.43,-105.33,51.9394,-10.2442,45.5657562247,-70.8079086399
-5.3,27.65,18.43,-105.33,51.9394,-10.2442,45.5657562247,-70.8079086399
-4.6,20.6,18.43,-105.33,53.2894,-4.3966,47.6725192955,-70.1937544317
-2.0,14.3,-20.27,168.6,-12.1901,96.8349,-19.7862107497,131.869832505
-3.8,14.0,42.64,13.22,43.7337,-96.6141,58.5579455689,-40.9683838971
-7.8,20.8,42.64,13.22,63.8433,-137.52,75.380027433,-18.3737711694
-1.1,25.1,42.64,13.22,24.4638,118.388,47.301811966,73.6722189912
-8.9,19.3,42.64,13.22,63.109,-138.129,75.6605182674,-19.4635854368
-9.1,17.3,42.64,13.22,62.5763,-136.794,75.4279039903,-21.1922548489
-4.4,27.95,42.64,13.22,46.2977,-121.801,68.6966880163,-49.9722158268
-4.8,19.6,42.64,13.22,44.7694,-79.1417,54.1058759285,-31.9036442079
-3.6,14.8,35.4,133.72,47.4255,-121.803,55.0819363769,179.140277454
-1.8,18.6,-42.44,173.07,5.2288,96.9472,-23.0742343716,128.391339613
-4.9,14.1,37.31,141.46,37.0727,25.523,55.1087510422,83.3480988994
-3.2,26.35,37.31,141.46,64.7474,-21.3268,74.9405220405,123.388048068
-5.8,27.45,37.31,141.46,45.763,3.11111,67.8955065306,82.0251538328
-3.0,18.2,37.31,141.46,40.1785,34.6302,53.4363709536,89.5904702102
-3.2,27.15,37.31,141.46,34.9611,33.331,51.2613535573,86.2164680944
-4.7,20.4,37.31,141.46,36.7308,27.5767,54.1796099478,84.1839411334
-4.3,19.6,37.31,141.46,39.5867,39.722,51.5618191781,91.6981848253
-5.2,25.0,37.31,141.46,55.3165,-3.2052,71.9469313978,96.5820692204
-3.9,26.05,37.31,141.46,48.1639,11.2768,65.164678484,87.0443459548
-6.9,26.35,37.31,141.46,53.2697,17.2367,64.4369280107,94.2918157941
-5.3,13.3,37.31,141.46,49.914,14.787,64.3494480491,89.9260156655
-5.2,29.95,37.31,141.46,52.3063,7.7592,67.5652655969,91.5716703191
-5.1,13.7,37.31,141.46,37.8433,30.5093,53.6817003318,86.2819612587
-2.2,17.3,37.31,141.46,37.2607,35.0547,51.861401105,88.2323777192
-4.4,15.2,37.31,141.46,35.5471,27.1611,53.7428380296,83.3064300526
-3.7,21.8,37.31,141.46,37.9453,32.3605,53.0969938144,87.2530660283
-3.7,27.65,37.31,141.46,46.6299,13.6416,63.7444681492,86.0422485448
-6.1,19.6,37.31,141.46,61.2759,10.7629,67.8801666758,104.321020768
-7.6,26.95,37.31,141.46,71.5384,-53.1996,72.375219642,150.789779318
-4.1,28.85,37.31,141.46,46.5092,14.5489,63.3466998282,86.2066708467
-3.2,20.7,37.31,141.46,23.5225,45.5032,41.2227534652,88.9949844347
-3.8,19.8,37.31,141.46,39.447,31.523,54.1129369055,87.694686432
-3.9,25.3,37.31,141.46,47.3357,11.5763,64.7927666288,86.1871633323
-3.8,27.55,37.31,141.46,47.2638,11.6363,64.7463154513,86.1240473629
-6.5,11.5,11.83,-89.2,76.7713,-18.655,47.6790308251,-77.6145162125
-6.5,11.5,11.83,-89.2,76.7713,-18.655,47.6790308251,-77.6145162125
-5.9,29.35,-10.95,161.06,1.3039,97.5755,-5.67322156372,128.998561242
-3.7,13.5,-10.4,161.29,-7.4121,72.4525,-12.4041112528,116.642895094
-6.2,18.2,52.71,172.24,43.8652,19.4061,77.4879263751,76.1116460597
-6.1,20.3,38.81,26.32,55.3493,-160.477,81.2156802705,43.7682516134
-5.2,24.4,38.81,26.32,57.1766,-170.248,78.4013122368,57.1432248541
-1.5,17.5,54.63,168.62,35.9105,-95.7918,55.9560447245,-133.217950506
-4.4,26.85,33.21,103.89,47.5563,-122.249,64.6539216818,156.749249506
-1.8,26.15,-21.61,169.14,53.8452,-166.505,16.5112163517,178.563617772
-4.4,10.9,-0.41,-13.31,55.1146,36.5674,29.5742507104,4.43563369232
-5.0,12.3,-49.94,-114.56,39.7997,-105.613,-5.11090225025,-109.691539825
-2.2,17.7,71.08,-9.0,36.598,-121.403,64.3382005491,-97.5496003382
-6.3,16.9,-60.04,-24.37,0.2376,-78.4508,-32.5548777494,-61.0547846007
-6.2,17.1,-60.04,-24.37,0.2376,-78.4508,-32.5548777494,-61.0547846007
-4.7,26.85,-60.04,-24.37,-0.6742,-90.2861,-34.3903355756,-69.509314587
-3.5,25.2,-51.21,139.35,2.6938,98.9237,-25.6253508395,114.332237708
-4.5,23.0,-61.2,-25.73,14.735,-61.1463,-24.2221714254,-49.5285298333
-2.9,27.45,-36.67,-20.67,46.4548,8.6629,5.07858822873,-7.13836872772
-6.4,14.6,-17.62,65.32,50.764,5.9317,18.8634203499,42.1827466695
-6.2,13.2,-17.62,65.32,47.8495,14.2659,16.6648865577,44.5169055801
-4.7,20.5,-55.36,-28.21,-41.3087,174.704,-77.9495102091,-141.038094138
-2.8,18.9,-14.94,66.83,50.4348,58.0167,17.843845121,63.3267989911
-1.2,19.6,-14.94,66.83,31.0948,121.191,9.08054727493,92.245575069
-7.0,20.9,-56.64,-24.58,-41.3087,174.704,-78.8840979293,-147.194662002
-6.0,11.9,31.24,-41.44,33.7503,-114.524,38.4347152139,-77.3919591196
-1.1,28.95,-44.79,35.36,33.9881,-6.8569,-5.8098777436,12.5400131147
-4.1,14.8,26.54,-44.57,64.8736,-147.862,56.4842377904,-72.0227794405
-5.5,25.8,26.54,-44.57,63.7318,-148.937,56.41760925,-73.2641395641
-8.9,19.0,37.4,-24.38,48.0575,-123.504,54.8253902059,-68.1866363969
-8.9,26.95,37.4,-24.38,45.2059,-122.478,53.2529245386,-69.4901112502
-8.0,21.3,37.4,-24.38,45.2781,-117.78,52.0402610881,-67.4138806526
-5.8,13.3,37.4,-24.38,60.1043,-149.453,66.2041511617,-63.1905493435
-3.7,21.7,37.4,-24.38,-38.0568,-61.9787,-0.348330293403,-43.0931395738
-8.2,21.1,37.4,-24.38,45.64,-117.681,52.1854441492,-67.1780693588
-2.4,13.3,-55.4,-128.8,33.3516,-116.562,-11.1371628561,-121.512996339
-2.2,17.4,-7.44,37.49,55.3167,-3.205,25.2935563661,22.8581153638
-2.5,21.5,-7.44,37.49,49.1121,11.6767,21.3533377769,27.2588085374
-3.0,16.3,-7.44,37.49,59.6491,9.5982,26.7875086346,28.1432410166
-1.0,23.9,-7.44,37.49,49.1448,12.8803,21.3261232839,27.7359320363
0.0,23.9,-2.38,28.82,68.9533,25.712,33.3842474035,27.9968882778
-1.9,23.6,-45.32,35.08,41.476,28.2897,-1.93453882031,31.5772716774
-7.9,13.2,-17.71,65.42,46.7474,12.5123,16.1358967976,43.5943360946
-5.7,10.4,-17.71,65.42,46.938,6.47298,16.6628798296,41.2558633274
-5.0,13.5,-17.71,65.42,43.7528,6.9218,14.8520909397,40.5577172744
-5.4,10.8,-17.71,65.42,46.6202,10.2635,16.2154621215,42.6650528428
-5.7,14.8,-17.71,65.42,46.4548,8.6629,16.2352390331,41.9839810151
-5.6,11.8,-17.71,65.42,46.5336,6.26545,16.4533028979,41.0569999794
-5.9,11.4,-17.71,65.42,46.6299,13.6416,16.0000625675,44.0163725433
-4.9,13.1,-17.71,65.42,45.279,4.542,15.8801363254,40.0112039215
-5.7,27.55,-13.62,66.19,-20.0882,146.255,-21.6195086826,105.402717611
-7.1,11.3,-54.37,6.32,11.5607,41.4422,-22.3501341397,28.4661984967
-6.8,11.0,-17.08,66.6,46.7568,8.15117,16.8764552052,42.6323371811
-3.7,14.0,-17.08,66.6,43.9412,5.4837,15.5000925601,40.774435045
-3.3,15.3,-17.08,66.6,43.9872,7.5545,15.3754381328,41.6293779701
-6.8,13.2,-17.08,66.6,46.3633,7.2993,16.7222426062,42.1841359672
-5.5,11.5,-17.08,66.6,46.4832,9.44956,16.6288385864,43.0672696182
-6.9,10.5,-17.08,66.6,46.6649,7.62418,16.8653591687,42.3988953649
-1.8,18.4,-14.04,-14.43,50.7012,29.2242,19.6371373136,2.60512844494
-2.3,16.4,-29.08,-12.99,42.0945,9.2847,6.65334458957,-2.7699439607
-2.8,17.2,-54.7,-131.53,34.0382,-120.351,-10.4279317431,-124.943045051
-3.1,18.4,-54.7,-131.53,34.0593,-118.646,-10.4328655203,-123.938020004
-1.7,26.25,0.87,-25.62,31.2819,-97.4271,19.5921696808,-58.2932410611
-5.1,10.1,-6.89,-12.6,30.7153,-90.7463,15.2175304735,-48.3501735858
-5.2,23.9,-6.89,-12.6,33.1067,-80.1778,15.6635315861,-43.1579751263
-5.6,25.8,-6.89,-12.6,34.5892,-95.3713,18.1865937912,-49.3017294396
-3.7,17.1,-55.34,-129.08,34.0936,-116.936,-10.7320979185,-121.878780898
-5.7,10.2,-55.34,-129.08,31.7718,-106.506,-12.0576446394,-115.531170952
-1.5,27.95,-1.28,-15.6,39.8893,32.764,21.0066467561,5.21673612487
-6.9,22.1,-56.8,-24.52,-41.3087,174.704,-78.8663801629,-147.635844397
-1.3,16.6,-17.47,65.83,36.8236,-4.3411,11.7879992808,34.2454346106
-0.7,18.9,-17.47,65.83,39.1794,16.7583,11.9227941085,43.9841326996
-1.2,21.8,-0.87,-13.92,32.0322,-89.8958,19.4890990419,-48.2453409927
-0.8,20.3,-0.87,-13.92,29.5852,-81.8665,17.166161068,-45.2183284472
-2.9,22.2,-0.87,-13.92,33.8807,-92.6113,20.9584268578,-48.9376314879
-2.2,13.9,37.6,-24.62,-13.8788,-72.8781,12.9773314617,-51.3343687994
-4.2,24.1,37.6,-24.62,10.2908,-84.9525,27.1738284943,-58.3575573378
-3.7,23.4,-29.02,-12.97,46.3416,6.95336,8.82278030219,-4.18817953822
-3.4,27.25,15.29,-45.03,40.5615,42.3507,36.1274219752,-7.79053767905
-2.8,13.7,-50.03,-114.25,31.9559,-112.812,-9.07627427906,-113.431895224
-4.4,13.3,-50.03,-114.25,31.3757,-109.281,-9.37494130527,-111.415271222
-4.1,14.4,-50.03,-114.25,40.195,-112.813,-4.94264475286,-113.469581174
-1.9,14.3,-50.03,-114.25,37.7461,-106.829,-6.18426627221,-110.155847348
-3.7,11.6,-50.03,-114.25,39.1108,-110.524,-5.48941152343,-112.211952504
-3.9,13.3,-50.03,-114.25,32.3098,-110.785,-8.90212229977,-112.28192224
-3.9,13.3,-50.03,-114.25,32.3098,-110.785,-8.90212229977,-112.28192224
-3.9,13.3,-50.03,-114.25,32.3098,-110.785,-8.90212229977,-112.28192224
-2.7,15.7,-57.04,-24.73,5.893,-73.083,-27.5534942336,-56.3743640851
-4.4,22.3,-57.04,-24.73,-41.3087,174.704,-78.7509507887,-147.990345854
-3.0,20.3,23.86,-45.59,38.2174,38.7937,39.063626705,-7.31269578649
-6.4,20.4,23.86,-45.59,64.8736,-147.862,54.9068781962,-72.3558033738
-4.0,16.9,23.86,-45.59,-27.1267,-109.334,-1.92872927283,-76.9797199252
-0.6,21.1,-60.74,-26.44,-0.6019,30.7382,-33.6627208559,12.7197279791
-4.1,11.0,15.38,-45.81,33.8184,-116.369,29.2849480436,-78.0941180841
-3.7,16.4,-54.61,-136.11,33.6552,-115.454,-10.6921864738,-123.913669892
-4.7,10.7,-54.61,-136.11,33.8184,-116.369,-10.5948659101,-124.46471506
-3.9,16.4,-54.61,-136.11,34.0385,-116.648,-10.4788760965,-124.642009869
-4.9,10.9,-54.61,-136.11,33.6479,-116.378,-10.6813244066,-124.460504666
-3.3,16.8,-55.74,-124.57,34.0936,-116.936,-10.8991734691,-120.025974731
-1.6,21.1,-51.75,139.61,18.8141,98.9443,-17.5090952759,114.859026847
-4.5,10.4,13.27,-55.91,34.3436,-118.614,27.3218801122,-84.4135095611
-3.7,13.5,-55.97,-123.63,33.6871,-116.924,-11.2139651161,-119.621340353
-7.4,12.7,-17.11,66.49,46.4353,8.11043,16.6760569556,42.455602535
-9.5,10.2,-17.11,66.49,46.5336,6.26545,16.8717579906,41.7578257684
-5.7,14.2,-17.11,66.49,44.184,7.05,15.4971187175,41.4089259385
-5.6,15.1,-17.11,66.49,44.184,7.05,15.4971187175,41.4089259385
-6.6,14.7,-17.11,66.49,43.9411,5.4839,15.4748397681,40.7065242253
-9.4,12.8,-17.11,66.49,46.3633,7.2993,16.6970770107,42.1149939589
-7.0,29.15,13.51,-49.35,56.1146,-133.121,42.2993713856,-77.6085542545
-0.3,19.0,-52.41,17.36,11.5307,42.8466,-20.9417216943,33.104224595
-0.7,27.45,-11.69,-14.25,33.4112,-83.4666,13.1372206517,-45.7251964891
-0.5,27.35,-11.69,-14.25,33.4112,-83.4666,13.1372206517,-45.7251964891
-3.3,18.3,-11.69,-14.25,47.2683,3.8589,18.0344069768,-6.8445969676
